,BASE_YEAR,ALSFC_CTPRVN_NM,ALSFC_SIGNGU_NM,SCHUL_TY_NM,SCHUL_NM,OPN_PD,ARBY_COT_CO_VALUE,ALSFC_ADDR,OPER_ITEM_CN,OPER_TIME_CN,SHWERRM_CO,TOILET_CO,LOCKERRM_CO,x,y
0,2017,울산광역시,남구,초등학교,삼신초등학교,20170301~20171231,652㎥ /1개 코트,"울산광역시 남구 돋질로251번길 25, 삼신초등학교 (삼산동)","농구,배구",월요일:17:30~21:30 화요일:18:30~20:30  수요일:19:30~21:30  목요일:17:30~21:30  금요일:17:30~21:30   일요일:15:00~17:00,0,2,0,129.3307495,35.54584239
1,2017,전라북도,완주군,초등학교,삼례초등학교,20170301~20171231,810㎥ /1개 코트,"전라북도 완주군 삼례읍 후정로 30, 삼례초등학교","뉴스포츠**,배구",화요일:18:00~22:00  수요일:18:00~22:00  목요일:18:00~22:00  금요일:15:00~18:00  토요일:09:00~13:00,0,0,0,127.0688484,35.91076844
2,2017,전라북도,순창군,초등학교,동계초등학교,20170301~20171231,652.4㎥ /4개 코트,"전라북도 순창군 동계면 동계로 35, 동계초등학교","배드민턴,탁구",월요일:19:00~23:00 화요일:19:00~23:00  수요일:19:00~23:00  목요일:19:00~23:00  금요일:19:00~23:00  토요일:19:00~23:00,1,1,0,127.2400533,35.44079904
3,2017,전라북도,순창군,초등학교,구림초등학교,20170301~20171231,874㎥ /3개 코트,"전라북도 순창군 구림면 방화로 6, 구림초등학교","배드민턴,탁구",월요일:19:00~23:00 화요일:19:00~23:00  수요일:19:00~23:00  목요일:19:00~23:00  금요일:19:00~23:00  토요일:19:00~23:00,1,1,0,127.100401,35.45297235
4,2017,울산광역시,북구,초등학교,상안초등학교,20170301~20171231,570㎥ /1개 코트,"울산광역시 북구 천곡남로 59, 상안초등학교 (천곡동)","농구,배구,배드민턴",월요일:18:00~22:00 화요일:19:00~21:00  수요일:18:00~22:00  목요일:18:00~22:00  금요일:19:00~21:00  토요일:18:00~20:00,0,2,1,129.3340704,35.63419657
5,2017,경상남도,창녕군,중학교,남지중학교,20170301~20171231,788.5㎥ /3개 코트,경상남도 창녕군 남지읍 낙동로 411-5,"기타종목,배드민턴",월요일:15:00~22:00 화요일:15:00~22:00  수요일:15:00~22:00  목요일:15:00~22:00  금요일:15:00~22:00  토요일:09:00~14:00,0,2,1,128.4690005,35.38919794
6,2017,대구광역시,달성군,초등학교,현풍초등학교,20170101~20171231,957㎥ /4개 코트,"대구광역시 달성군 현풍면 비슬로134길 167-6, 현풍초등학교",배드민턴,월요일:19:00~22:00 화요일:19:00~22:00  수요일:19:00~22:00  목요일:19:00~22:00  금요일:19:00~22:00  토요일:19:00~22:00  일요일:00:00~00:00,2,2,2,128.4489959,35.69809567
7,2017,대구광역시,달성군,초등학교,화동초등학교,20170101~20171231,549㎥ /3개 코트,"대구광역시 달성군 화원읍 성암로 38, 화동초등학교",배드민턴,월요일:19:00~22:00 화요일:19:00~22:00  수요일:19:00~22:00  목요일:19:00~22:00  금요일:19:00~22:00  토요일:14:00~17:00  일요일:00:00~00:00,0,2,0,128.5096929,35.79954584
8,2017,경상북도,의성군,고등학교,의성고등학교,20170301~20171231,1876㎥ /1개 코트,"경상북도 의성군 의성읍 군청길 57, 의성고등학교","풋살,농구,배드민턴,탁구",월요일:13:00~21:00 화요일:13:00~21:00  수요일:17:00~21:00  목요일:13:00~21:00  금요일:13:00~21:00  토요일:09:00~13:00  일요일:00:00~00:00,1,2,1,128.7002102,36.35335896
9,2017,경상북도,상주시,초등학교,화령초등학교,20170301~20171231,928㎥ /7개 코트,경상북도 상주시 화서면 화령로 57,"배드민턴,탁구",월요일:19:00~22:00 화요일:19:00~22:00  수요일:19:00~22:00  목요일:19:00~22:00  금요일:19:00~22:00  토요일:19:00~22:00  일요일:00:00~00:00,1,1,1,127.951894,36.4466099
11,2017,경상북도,봉화군,초등학교,내성초등학교,20170301~20171231,1532㎥ /1개 코트,"경상북도 봉화군 봉화읍 교촌1길 37, (내성리 452-1)","검도,농구,배드민턴,탁구",월요일:17:00~21:00 화요일:17:00~21:00  수요일:17:00~21:00  목요일:17:00~21:00  금요일:17:00~21:00  토요일:09:00~13:00,0,2,0,128.7354672,36.88574919
12,2017,충청북도,영동군,중학교,추풍령중학교,20180301~20181231,96526㎥ /4개 코트,"충청북도 영동군 추풍령면 신안로 106, 추풍령중학교","골프,배드민턴",월요일:18:00~23:00 화요일:18:00~23:00  수요일:18:00~23:00  목요일:18:00~23:00  금요일:18:00~23:00  토요일:18:00~23:00  일요일:00:00~00:00,1,2,0,128.0027118,36.21774616
13,2017,충청남도,태안군,초등학교,방포초등학교,20180301~20181231,492.7㎥ /3개 코트,충청남도 태안군 안면읍 꽃지해안로 519,"줄넘기,배드민턴,탁구",월요일:19:30~22:30 화요일:19:30~22:30  수요일:19:30~22:30  목요일:19:30~22:30  금요일:19:30~22:30  토요일:19:30~22:30  일요일:19:30~22:30,0,2,0,126.3474688,36.50683663
14,2017,인천광역시,남동구,초등학교,남동초등학교,20180301~20181231,100㎥ /7개 코트,"인천광역시 남동구 장승남로33번길 10, 남동초등학교 (만수동)",배드민턴,월요일:17:00~21:00 화요일:17:00~21:00  수요일:17:00~21:00  목요일:17:00~21:00  금요일:17:00~21:00  토요일:14:00~19:00  일요일:00:00~00:00,0,1,0,126.7370806,37.44479871
16,2017,전라남도,장흥군,초등학교,부산초등학교,20180301~20181231,680㎥ /4개 코트,"전라남도 장흥군 부산면 부유로 25-16, 부산초등학교","배구,배드민턴",월요일:18:30~22:30 화요일:18:30~22:30  수요일:18:30~22:30  목요일:18:30~22:30  금요일:18:30~22:30  토요일:18:30~22:30  일요일:00:00~00:00,0,1,0,126.9027554,34.72260373
17,2017,전라남도,장흥군,초등학교,대덕초등학교,20180301~20181231,787㎥ /4개 코트,"전라남도 장흥군 대덕읍 대대로 947, 대덕초등학교","배구,배드민턴",월요일:18:30~22:00 화요일:18:30~22:00  수요일:18:30~22:00  목요일:18:30~22:00  금요일:18:30~22:00  토요일:18:30~22:00  일요일:00:00~00:00,0,1,0,126.8891769,34.5002859
18,2017,전라남도,영암군,고등학교,영암여자고등학교,20170301~20171231,1.446㎥ /1개 코트,전라남도 영암군 영암읍 여중고길 12,"검도,배구",월요일:17:00~21:00  수요일:17:00~21:00  목요일:17:00~21:00  금요일:17:00~21:00  토요일:13:00~21:00,1,1,1,126.7034113,34.80443156
19,2017,전라남도,장흥군,초등학교,장흥서초등학교,20180301~20181231,715㎥ /4개 코트,"전라남도 장흥군 장흥읍 칠거리예양로 40, 장흥서초등학교","배구,배드민턴",월요일:18:30~22:00 화요일:18:30~22:00  수요일:18:30~22:00  목요일:18:30~22:00  금요일:18:30~22:00  토요일:18:30~22:00  일요일:00:00~00:00,1,1,0,126.9017718,34.67482619
20,2017,전라남도,장흥군,초등학교,안양초등학교,20180301~20181231,846㎥ /4개 코트,"전라남도 장흥군 안양면 운정2길 14, 안양초등학교","배구,배드민턴",월요일:18:30~22:00 화요일:18:30~22:00  수요일:18:30~22:00  목요일:18:30~22:00  금요일:18:30~22:00  토요일:18:30~22:00  일요일:00:00~00:00,0,1,0,126.9731519,34.65187499
21,2017,강원도,철원군,중학교,철원중학교,20170313~20171231,645㎥ /6개 코트,"강원도 철원군 철원읍 금학로251번안길 12, 철원중학교","배드민턴,탁구",월요일:13:30~22:30 화요일:13:30~22:30  수요일:19:00~22:30  목요일:13:30~22:30  금요일:13:30~22:30  토요일:18:30~22:30  일요일:18:30~22:30,1,3,0,127.2112801,38.20962891
22,2017,충청북도,청주시,중학교,율량중학교,20160301~20161231,2022㎥ /2개 코트,"충청북도 청주시 청원구 2순환로 310, 율량중학교 (주중동)","농구,배드민턴",월요일:19:00~22:00 화요일:19:00~22:00  수요일:19:00~22:00  목요일:19:00~22:00  금요일:19:00~21:00  토요일:13:00~17:00  일요일:13:00~17:00,0,2,0,127.486176,36.67563376
23,2017,충청남도,계룡시,초등학교,금암초등학교,20170301~20171231,1004㎥ /4개 코트,"충청남도 계룡시 장안로 104, 금암초등학교 (금암동)","기타종목,배구,배드민턴,탁구",월요일:19:00~22:00 화요일:19:00~22:00  수요일:19:00~22:00  목요일:19:00~22:00  금요일:19:00~22:00  토요일:18:00~21:00  일요일:15:00~18:00,1,1,1,127.2458223,36.27086541
24,2017,전라북도,김제시,고등학교,금산중고등학교,20170301~20171231,853.2㎥ /4개 코트,"전라북도 김제시 금산면 모악로 47, 금산중고등학교","배구,배드민턴",월요일:19:00~22:00 화요일:19:00~22:00  수요일:19:00~22:00  목요일:19:00~22:00  금요일:19:00~22:00  토요일:19:00~22:00,1,1,1,126.9994537,35.71774458
25,2017,전라북도,진안군,초등학교,진안초등학교,20170301~20171231,941㎥ /1개 코트,"전라북도 진안군 진안읍 중앙로 55, 진안초등학교","족구,배드민턴",월요일:19:00~22:00 화요일:19:00~22:00  수요일:19:00~22:00  목요일:19:00~22:00  금요일:19:00~22:00  토요일:19:00~22:00,1,2,0,127.4241207,35.79120768
26,2017,울산광역시,울주군,초등학교,반천초등학교,20170301~20171231,663㎥ /4개 코트,"울산광역시 울주군 언양읍 샘소3길 19, 반천초등학교 체육관","배구,배드민턴",월요일:19:00~22:00 화요일:19:00~22:00  수요일:19:00~22:00  목요일:19:00~22:00  금요일:19:00~22:00  토요일:19:00~22:00,1,2,1,129.1831333,35.55642898
27,2017,강원도,철원군,초등학교,묘장초등학교,20170313~20171231,527㎥ /3개 코트,"강원도 철원군 철원읍 묘장로 344, 묘장초등학교","풋살,배드민턴",월요일:13:00~22:00 화요일:13:00~22:00  수요일:19:00~22:00  목요일:13:00~22:00  금요일:13:00~22:00  토요일:14:00~18:00  일요일:14:00~18:00,0,2,0,127.1648016,38.26408382
28,2017,강원도,철원군,고등학교,철원여자고등학교,20170313~20171231,1103㎥ /2개 코트,"강원도 철원군 동송읍 이평로123번길 40, 철원여자고등학교","기타종목,배구,웨이트트레이닝",월요일:13:00~22:00 화요일:13:00~22:00  수요일:19:00~22:00  목요일:13:00~22:00  금요일:13:00~22:00  토요일:14:00~18:00  일요일:14:00~18:00,0,2,0,127.210088,38.20530981
29,2017,전라북도,순창군,초등학교,순창초등학교,20170301~20171231,1400㎥ /1개 코트,"전라북도 순창군 순창읍 순창7길 40, 순창초등학교","기타종목,배구",월요일:19:00~23:00 화요일:19:00~23:00  수요일:17:00~21:00  목요일:19:00~23:00  금요일:19:00~23:00  토요일:19:00~23:00,1,1,0,127.1391903,35.37511265
30,2017,경상남도,산청군,초등학교,산청초등학교,20170301~20171231,82.35㎥ /6개 코트,"경상남도 산청군 산청읍 꽃봉산로79번길 43, 행정실",교정운동,월요일:13:00~22:00 화요일:12:00~22:00  수요일:13:00~22:00   금요일:13:00~22:00  토요일:09:00~17:00,1,1,1,127.8749758,35.41710516
31,2017,울산광역시,울주군,초등학교,중남초등학교,20170301~20171231,1060㎥ /1개 코트,"울산광역시 울주군 삼남면 사촌신복로 572, 증남초등학교","족구,배구",월요일:19:00~22:00 화요일:19:00~22:00  수요일:19:00~22:00  목요일:19:00~22:00  금요일:19:00~22:00  토요일:19:00~22:00,0,2,1,129.1089228,35.53655426
32,2017,울산광역시,울주군,초등학교,언양초등학교,20170301~20171231,1005㎥ /1개 코트,"울산광역시 울주군 언양읍 북문8길 49, 언양초등학교","배구,배드민턴",월요일:18:00~22:00 화요일:18:00~22:00  수요일:18:00~22:00  목요일:18:00~22:00  금요일:18:00~22:00  토요일:18:00~22:00,0,2,0,129.1259078,35.57233733
33,2017,경기도,안산시,초등학교,삼일초등학교,20170301~20171231,852.2㎥ /농구개 코트,"경기도 안산시 상록구 월피로 42, 삼일초등학교 (월피동)","뉴스포츠**,풋살,농구,배구,배드민턴,탁구",월요일:19:00~22:00 화요일:19:00~22:00  수요일:19:00~22:00  목요일:19:00~22:00  금요일:19:00~22:00  토요일:13:00~18:00  일요일:10:00~18:00,1,1,2,126.8508315,37.33243301
34,2017,전라북도,군산시,초등학교,군산동초등학교,20170320~20171231,200㎥ /10개 코트,"전라북도 군산시 번영로 181, 군산동초등학교 (조촌동)",탁구,월요일:16:30~23:00 화요일:16:30~23:00  수요일:16:30~23:00  목요일:16:30~23:00  금요일:18:00~22:00  토요일:14:00~18:00  일요일:00:00~00:00,2,2,2,126.7381229,35.96496096
35,2017,제주특별자치도,서귀포시,초등학교,표선초등학교,20170301~20171231,590㎥ /2개 코트,"제주특별자치도 서귀포시 표선면 표선동서로 293, 표선초등학교","요가,에어로빅,검도,기타종목",월요일:18:00~22:00 화요일:18:00~22:00  수요일:18:00~22:00  목요일:18:00~22:00  금요일:18:00~22:00  토요일:18:00~22:00  일요일:00:00~00:00,1,1,1,126.8343244,33.3299653
36,2017,제주특별자치도,서귀포시,초등학교,안덕초등학교,20170301~20171231,681㎥ /6개 코트,"제주특별자치도 서귀포시 안덕면 화순로56번길 32, 안덕초등학교","기타종목,배드민턴",월요일:18:00~22:00 화요일:18:00~22:00  수요일:18:00~22:00  목요일:18:00~22:00  금요일:18:00~22:00  토요일:18:00~22:00  일요일:00:00~00:00,1,1,1,126.3355647,33.25062429
37,2017,충청남도,태안군,초등학교,태안초등학교,20170301~20171231,"1,215㎥ /4개 코트",충청남도 태안군 태안읍 백화로 49,"교정운동,배구,배드민턴",월요일:18:00~22:00 화요일:19:00~22:00  수요일:14:00~22:00  목요일:18:00~22:00  금요일:19:00~22:00  토요일:17:30~22:00  일요일:19:00~22:00,2,2,2,126.2954149,36.75918853
38,2017,충청남도,태안군,초등학교,근흥초등학교,20170301~20171231,510.㎥ /3개 코트,충청남도 태안군 근흥면 근흥로 716-8,"배구,배드민턴",월요일:19:00~22:00 화요일:19:00~22:00  수요일:15:00~22:00  목요일:19:00~22:00  금요일:19:00~22:00  토요일:19:00~22:00  일요일:19:00~22:00,0,2,0,126.2279729,36.71462114
39,2017,경상북도,상주시,초등학교,사벌초등학교,20170301~20171231,1202㎥ /6개 코트,경상북도 상주시 사벌면 덕담1길 53,"배드민턴,탁구",월요일:19:00~22:00 화요일:19:00~22:00  수요일:19:00~22:00  목요일:19:00~22:00  금요일:19:00~22:00  토요일:19:00~22:00,2,2,2,128.2084231,36.4678329
40,2017,충청남도,청양군,초등학교,합천초등학교,20170302~20171231,1466㎥ /4개 코트,충청남도 청양군 화성면 무한로 88,"족구,배드민턴",월요일:19:00~22:00 화요일:18:30~22:00  수요일:19:00~22:00  목요일:18:30~22:00  금요일:19:00~22:00  토요일:15:30~17:00  일요일:19:00~22:00,0,2,0,126.7146112,36.42586476
41,2017,전라남도,목포시,고등학교,문태중고등학교,20170301~20171231,1118㎥ /4개 코트,"전라남도 목포시 용당로 138, 문태고등학교 (용당동)","농구,배드민턴,탁구",월요일:16:30~22:00 화요일:17:30~22:00  수요일:17:30~22:00  목요일:17:30~22:00  금요일:17:30~22:00  토요일:13:00~18:00,2,2,4,126.4030507,34.80057558
43,2017,제주특별자치도,제주시,초등학교,이도초등학교,20170301~20171231,934.3㎥ /6개 코트,제주특별자치도 제주시 구남동2길 58 (이도이동),"배드민턴,탁구",월요일:18:00~22:00 화요일:18:00~22:00  수요일:18:00~22:00  목요일:18:00~22:00  금요일:18:00~22:00  토요일:16:00~22:00  일요일:00:00~00:00,2,2,0,126.5321344,33.48789867
44,2017,인천광역시,부평구,초등학교,인천부평남초등학교,20170301~20171231,1000㎥ /6개 코트,인천광역시 부평구 경인로911번길 28 (부평동),배드민턴,월요일:19:00~22:00 화요일:19:00~22:00  수요일:19:00~22:00  목요일:19:00~22:00    일요일:13:00~17:00,0,0,0,126.7202026,37.48870871
45,2017,강원도,인제군,중학교,인제중학교,20180302~20181231,1028㎥ /4개 코트,강원도 인제군 인제읍 인제로 213,"농구,육상",월요일:18:30~21:30 화요일:19:00~21:30  수요일:19:00~21:30  목요일:19:00~21:30  금요일:19:00~21:30  토요일:10:00~14:00,0,1,0,128.1736958,38.06998467
46,2017,울산광역시,중구,초등학교,학성초등학교,20170301~20171231,887㎥ /4개 코트,울산광역시 중구 해오름1길 15 (반구동),"기타종목,배드민턴",월요일:18:00~22:00 화요일:18:00~22:00  수요일:18:00~22:00  목요일:18:00~22:00  금요일:18:00~22:00  토요일:17:00~22:00  일요일:18:00~22:00,1,1,1,129.34263,35.55959985
47,2017,울산광역시,중구,초등학교,무룡초등학교,20170301~20171231,756㎥ /4개 코트,울산광역시 중구 약사로 50 (약사동),"배구,배드민턴",월요일:18:00~22:00 화요일:18:00~22:00  수요일:18:00~22:00  목요일:18:00~22:00,0,1,1,129.3346834,35.57012954
49,2017,광주광역시,남구,중학교,무진중학교,20170301~20171231,1325㎥ /4개 코트,"광주광역시 남구 중앙로 7, 무진중학교 (월산동)","농구,배드민턴",월요일:17:00~22:00 화요일:17:00~22:00  수요일:17:00~22:00  목요일:17:00~22:00  금요일:17:00~22:00  토요일:09:00~12:00  일요일:09:00~12:00,0,0,0,126.8997305,35.14596075
50,2017,경기도,수원시,초등학교,광교초등학교,20170301~20171231,554㎥ /1개 코트,"경기도 수원시 영통구 대학로 91, 광교초등학교 (이의동)","농구,배구",월요일:17:00~21:00 화요일:17:00~21:00  수요일:17:00~21:00  목요일:17:00~21:00  금요일:17:00~21:00   일요일:14:00~18:30,2,2,2,127.0461681,37.30385191
51,2017,울산광역시,울주군,고등학교,경의고등학교,20170301~20171231,1914㎥ /4개 코트,울산광역시 울주군 상북면 상북로 248,"족구,배구",월요일:18:00~22:00 화요일:18:00~22:00  수요일:18:00~22:00  목요일:18:00~22:00  금요일:18:00~22:00  토요일:17:00~21:00  일요일:00:00~00:00,1,2,1,129.0932748,35.58852032
52,2017,제주특별자치도,서귀포시,중학교,표선중학교,20170301~20171231,1022㎥ /4개 코트,"제주특별자치도 서귀포시 표선면 표선중앙로 31, 표선중학교",배드민턴,월요일:18:00~22:00 화요일:18:00~22:00  수요일:18:00~22:00  목요일:18:00~22:00  금요일:18:00~22:00  토요일:18:00~22:00  일요일:00:00~00:00,2,2,2,126.8320777,33.32933285
53,2017,충청남도,서산시,초등학교,충남서산초등학교,20080101~20181231,1007㎥ /5개 코트,"충청남도 서산시 중앙로 38-1, 충청남도 서산시 중앙로 38-1 (동문동)","배구,배드민턴",월요일:18:30~21:30 화요일:18:30~21:30  수요일:18:30~21:30  목요일:18:30~21:00  금요일:18:30~21:30  토요일:18:30~21:30  일요일:18:30~21:30,0,2,2,126.4553808,36.78007112
55,2017,경상북도,상주시,고등학교,중모고등학교,20170301~20171231,928㎥ /6개 코트,경상북도 상주시 모동면 덕곡1길 13,"배드민턴,탁구",월요일:19:00~22:00 화요일:19:00~22:00  수요일:19:00~22:00  목요일:19:00~22:00  금요일:19:00~22:00  토요일:19:00~22:00,0,1,0,127.9612017,36.32519054
57,2017,경상북도,상주시,고등학교,용운중고등학교,20170301~20171231,836㎥ /6개 코트,경상북도 상주시 공성면 문화마을길 23,"배드민턴,탁구",월요일:19:00~22:00 화요일:19:00~22:00  수요일:19:00~22:00  목요일:19:00~22:00  금요일:19:00~22:00  토요일:19:00~22:00,1,1,1,128.0942764,36.27931281
58,2017,경상북도,상주시,초등학교,화동초등학교,20170301~20171231,670㎥ /5개 코트,경상북도 상주시 화동면 이소1길 78,"배드민턴,탁구",월요일:19:00~22:00 화요일:19:00~22:00  수요일:19:00~22:00  목요일:19:00~22:00  금요일:19:00~22:00  토요일:19:00~22:00,0,2,2,127.9512487,36.39271618
59,2017,경상북도,경주시,초등학교,월성초등학교,20170301~20171231,1327㎥ /6개 코트,경상북도 경주시 원효로 67 (노서동),"배드민턴,탁구",월요일:16:00~20:00 화요일:16:00~20:00  수요일:14:00~20:00  목요일:16:00~20:00  금요일:16:00~20:00  토요일:09:00~13:00  일요일:00:00~00:00,0,2,0,129.2081295,35.84297553
61,2017,전라남도,강진군,중학교,강진중학교,20170301~20171231,978㎥ /4개 코트,전라남도 강진군 강진읍 중앙로 205,"검도,배구,배드민턴,체조",월요일:18:00~22:00 화요일:18:00~22:00  수요일:18:00~22:30  목요일:18:00~22:30  금요일:18:00~22:00  토요일:00:00~00:00  일요일:18:00~22:00,0,2,0,126.7785187,34.64390492
62,2017,전라남도,강진군,중학교,강진여자중학교,20170301~20171231,1140㎥ /6개 코트,전라남도 강진군 강진읍 고성길 15-6,"배구,배드민턴,체조",월요일:19:00~22:00 화요일:19:00~22:00  수요일:19:00~22:00  목요일:19:00~22:00  금요일:19:00~22:00  토요일:19:00~22:00  일요일:00:00~00:00,0,2,0,126.76054,34.6399361
63,2017,인천광역시,부평구,중학교,부평서여자중학교,20170301~20171231,800㎥ /4개 코트,인천광역시 부평구 경원대로 1213 (십정동),배드민턴,월요일:19:00~22:00 화요일:19:00~22:00  수요일:19:00~22:00  목요일:19:00~22:00  금요일:00:00~00:00  토요일:14:00~18:00  일요일:00:00~00:00,0,2,0,126.7053476,37.4853651
64,2017,충청북도,청주시,초등학교,창리초등학교,20170301~20171231,100㎥ /6개 코트,충청북도 청주시 청원구 오창읍 2산단2로 32,배드민턴,월요일:19:00~22:00 화요일:19:00~22:00  수요일:19:00~22:00  목요일:19:00~22:00  금요일:19:00~22:00  토요일:14:00~18:00  일요일:14:00~18:00,2,2,2,127.4492132,36.73657707
66,2017,충청북도,충주시,초등학교,목행초등학교,20170301~20171231,853㎥ /4개 코트,충청북도 충주시 목행초길 16 (목행동),"배구,배드민턴",월요일:15:00~22:00 화요일:15:00~22:00  수요일:15:00~22:00  목요일:15:00~22:00  금요일:15:00~22:00  토요일:13:00~18:00,2,2,2,127.9191523,37.00806042
67,2017,경상북도,영천시,초등학교,영천초등학교,20170301~20171231,961.5㎥ /5개 코트,경상북도 영천시 천문로 253 (금노동),"배구,배드민턴",월요일:17:00~22:00 화요일:17:00~22:00   목요일:17:00~22:00  금요일:17:00~22:00  토요일:13:00~18:00,0,1,1,128.932811,35.96161713
68,2017,전라북도,고창군,중학교,고창중학교,20170301~20171231,815㎥ /4개 코트,"전라북도 고창군 고창읍 보릿골로 35, 고창중학교","요가,댄스스포츠,배구,체조",월요일:19:00~22:00 화요일:19:00~22:00  수요일:19:00~22:00  목요일:19:00~22:00   토요일:13:00~19:00,0,1,0,126.6937522,35.42860917
69,2017,전라북도,남원시,초등학교,남원중앙초등학교,20170301~20171231,784㎥ /1개 코트,전라북도 남원시 동림로 36 (도통동),"풋살,배구",월요일:18:00~22:00 화요일:18:00~22:00  수요일:18:00~22:00  목요일:18:00~22:00  금요일:18:00~22:00  토요일:09:00~13:00,0,0,1,127.3901127,35.41298608
70,2017,전라북도,남원시,초등학교,남원교룡초등학교,20170301~20171231,784㎥ /1개 코트,전라북도 남원시 광천남길 654 (향교동),"족구,풋살,배구",월요일:18:00~22:00 화요일:18:00~22:00  수요일:18:00~22:00  목요일:18:00~22:00  금요일:18:00~22:00  토요일:09:00~13:00,0,0,1,127.3782083,35.41665571
71,2017,강원도,철원군,초등학교,용정초등학교,20170301~20171231,237㎥ /1개 코트,"강원도 철원군 동송읍 상노2길 11, 용정초등학교","배드민턴,탁구",월요일:19:00~22:00 화요일:13:00~22:00  수요일:13:00~22:00  목요일:13:00~22:00  금요일:13:00~22:00  토요일:14:00~18:00  일요일:14:00~18:00,0,1,0,127.2414613,38.16317388
72,2017,강원도,철원군,초등학교,와수초등학교,20170301~20171231,511㎥ /1개 코트,"강원도 철원군 서면 와수로 119, 와수초등학교","줄넘기,요가,에어로빅,배드민턴",월요일:12:00~21:00 화요일:12:00~21:00  수요일:12:00~21:00  목요일:12:00~21:00  금요일:17:00~21:00  토요일:17:00~21:00  일요일:00:00~00:00,0,2,0,127.4351403,38.23572405
73,2017,부산광역시,금정구,고등학교,브니엘고등학교,20170101~20171231,12㎥ /1개 코트,부산광역시 금정구 체육공원로 154 (구서동),"체조,탁구",월요일:00:30~00:30 화요일:01:00~01:30  수요일:01:30~02:00  목요일:02:00~02:00  금요일:01:30~02:30  토요일:01:30~02:00  일요일:02:00~01:30,1,1,1,129.1039264,35.25485306
74,2017,서울특별시,영등포구,초등학교,학교명,20170601~20170619,11㎥ /11개 코트,"서울특별시 영등포구 양평로21가길 19, 404호 (양평동5가)",탁구,,0,0,0,126.8915111,37.53815844
75,2017,강원도,철원군,초등학교,청양초등학교,20170630~20171231,737㎥ /3개 코트,"강원도 철원군 김화읍 청양로 381-19, 청양초등학교","배드민턴,체조",월요일:13:00~22:00 화요일:13:00~22:00  수요일:13:00~22:00  목요일:13:00~22:00  금요일:19:00~22:00  토요일:13:00~17:00  일요일:13:00~17:00,0,2,0,127.3772914,38.24533278
76,2017,강원도,철원군,초등학교,신철원초등학교,20170301~20171231,920㎥ /4개 코트,"강원도 철원군 갈말읍 명성로139번안길 45, 신철원초등학교","뉴스포츠**,족구,줄넘기,배드민턴",월요일:13:00~22:00 화요일:13:00~22:00  수요일:13:00~22:00  목요일:13:00~22:00  금요일:19:00~22:00  토요일:18:00~22:00  일요일:18:00~22:00,2,2,0,127.3055544,38.14752189
77,2017,전라북도,순창군,고등학교,순창제일고등학교,20170301~20171231,652.5㎥ /6개 코트,"전라북도 순창군 순창읍 담순로 1411, 순창제일고등학교","풋살,배드민턴",월요일:19:00~23:00 화요일:19:00~23:00  수요일:19:00~23:00  목요일:19:00~23:00  금요일:19:00~23:00  토요일:19:00~23:00,1,1,0,127.1514258,35.37892974
80,2017,전라북도,익산시,고등학교,함열고등학교,20170301~20171231,1393㎥ /1개 코트,전라북도 익산시 함열읍 와리3길 19-3,"족구,농구,배드민턴",월요일:16:00~22:00 화요일:16:00~22:00  수요일:16:00~22:00  목요일:16:00~22:00  금요일:16:00~22:00  토요일:10:00~18:00,1,1,1,126.9590238,36.0826251
81,2017,제주특별자치도,서귀포시,초등학교,대정초등학교,20170301~20171231,932㎥ /4개 코트,"제주특별자치도 서귀포시 대정읍 상모대서로 15, 대정초등학교","족구,에어로빅",월요일:18:00~22:00 화요일:18:00~22:00  수요일:18:00~22:00  목요일:18:00~22:00  금요일:18:00~22:00  토요일:18:00~22:00  일요일:00:00~00:00,1,2,1,126.2553861,33.224489
82,2017,경상북도,안동시,초등학교,영호초등학교,20170301~20171230,589㎥ /4개 코트,"경상북도 안동시 옥서4길 8, 체육관 (옥동)","피구,배구,배드민턴",월요일:18:00~22:00 화요일:18:00~22:00  수요일:18:00~22:00  목요일:18:00~22:00  금요일:18:00~22:00  토요일:09:00~14:00,0,1,0,128.6917948,36.56044654
85,2017,충청북도,충주시,고등학교,대원고등학교,20170301~20171231,1098㎥ /4개 코트,충청북도 충주시 안림로 43 (안림동),"배구,배드민턴",월요일:15:00~22:00 화요일:15:00~22:00  수요일:15:00~22:00  목요일:15:00~22:00  금요일:15:00~22:00  토요일:09:00~14:00,0,1,1,127.951823,36.97133328
86,2017,전라남도,장흥군,중학교,장흥여자중학교,20180301~20181231,715㎥ /4개 코트,"전라남도 장흥군 장흥읍 못골길 1, 장흥여자중학교","배구,배드민턴",월요일:19:00~22:00 화요일:19:00~22:00  수요일:19:00~22:00  목요일:19:00~22:00  금요일:19:00~22:00  토요일:19:00~22:00  일요일:00:00~00:00,0,2,0,126.9121091,34.68260198
87,2017,충청북도,옥천군,초등학교,장야초등학교,20170301~20171231,823.6㎥ /4개 코트,충청북도 옥천군 옥천읍 장야3길 25,"배드민턴,탁구",월요일:18:30~22:30 화요일:18:30~22:30  수요일:18:30~22:30  목요일:18:30~22:30  금요일:18:30~22:30  토요일:18:30~22:30  일요일:18:30~22:30,2,2,2,127.5800442,36.29703588
89,2017,충청북도,충주시,초등학교,대림초등학교,20170301~20171231,963㎥ /3개 코트,충청북도 충주시 대림1길 28 (문화동),"배구,배드민턴",월요일:15:00~22:00 화요일:15:00~22:00  수요일:15:00~22:00  목요일:15:00~22:00  금요일:15:00~22:00  토요일:13:00~18:00,0,1,1,127.9180439,36.96913058
90,2017,전라북도,전주시,초등학교,전주서문초등학교,20170301~20171231,743㎥ /4개 코트,"전라북도 전주시 완산구 서신천변11길 19, 서문초등학교 (서신동)","요가,필라테스,배구,배드민턴",월요일:16:00~18:00 화요일:15:30~19:30  수요일:16:00~18:00  목요일:15:30~19:30  금요일:16:00~18:00  토요일:13:00~17:00  일요일:00:00~00:00,0,1,0,127.1119664,35.82981763
91,2017,충청북도,충주시,초등학교,금릉초등학교,20170301~20171231,927㎥ /4개 코트,충청북도 충주시 금봉대로 792 (금릉동),"배구,배드민턴",월요일:15:00~22:00 화요일:15:00~22:00  수요일:15:00~22:00  목요일:15:00~22:00  금요일:15:00~22:00  토요일:17:00~22:00,0,1,0,127.9304338,36.99439631
92,2017,경상북도,영주시,고등학교,영주 영광고등학교,20170301~20171231,1388㎥ /1개 코트,"경상북도 영주시 의상로 62, 상망동 (상망동)","농구,배구",월요일:18:00~22:00 화요일:18:00~22:00   목요일:18:00~22:00  금요일:18:00~22:00  토요일:14:00~22:00,1,2,1,128.6432161,36.84190407
96,2017,울산광역시,울주군,고등학교,울산기술공업고등학교,20170320~20171231,1689㎥ /6개 코트,"울산광역시 울주군 온산읍 덕망로 54, 1층","댄스스포츠,배드민턴",월요일:19:00~22:00 화요일:19:00~22:00  수요일:19:00~22:00  목요일:19:00~22:00  금요일:19:00~22:00  토요일:19:00~22:00,2,1,2,129.3080281,35.43890349
97,2017,전라북도,고창군,초등학교,고창초등학교,20170301~20171231,888㎥ /4개 코트,"전라북도 고창군 고창읍 중앙로 259, 고창초등학교","배구,배드민턴",화요일:18:00~22:00  수요일:19:00~21:00  목요일:18:00~22:00  금요일:18:00~22:00  토요일:07:00~13:00,2,2,2,126.7033254,35.43636437
99,2017,전라북도,장수군,초등학교,산서초등학교,20170301~20171231,734㎥ /4개 코트,"전라북도 장수군 산서면 동백로 7, 영대관","배드민턴,탁구",월요일:17:00~22:00 화요일:17:00~22:00  수요일:17:00~22:00  목요일:17:00~22:00  금요일:17:00~22:00   일요일:17:00~22:00,2,2,2,127.3952869,35.58783586
100,2017,강원도,태백시,초등학교,함태초등학교,20170301~20171231,445.6㎥ /3개 코트,강원도 태백시 소도길 69 (소도동),"뉴스포츠**,기타종목,배드민턴",월요일:14:00~22:00 화요일:14:00~22:00  수요일:14:00~22:00  목요일:14:00~22:00  금요일:14:00~22:00  토요일:10:00~19:00  일요일:10:00~19:00,0,2,1,128.9767987,37.13878971
101,2017,강원도,철원군,고등학교,김화공업고등학교,20170301~20171231,1077㎥ /1개 코트,"강원도 철원군 서면 와수1로 72, 김화공업고등학교","뉴스포츠**,족구,농구,배드민턴",월요일:19:00~20:30 화요일:11:30~20:30  수요일:11:30~20:30  목요일:11:30~20:30  금요일:11:30~20:30  토요일:09:00~13:00  일요일:09:00~13:00,2,2,2,127.4349423,38.24340566
102,2017,강원도,철원군,고등학교,김화고등학교,20170301~20171231,1716㎥ /4개 코트,"강원도 철원군 서면 와수1로 90, 김화고등학교","농구,배구,배드민턴,탁구",월요일:13:00~22:00 화요일:13:00~22:00  수요일:19:00~22:00  목요일:13:00~22:00  금요일:13:00~22:00  토요일:09:00~13:00  일요일:09:00~13:00,1,2,2,127.4333715,38.24404443
103,2017,경상남도,사천시,고등학교,삼천포여자고등학교중학교,20170301~20171231,783.4㎥ /7개 코트,경상남도 사천시 삼상로 19 (동금동),"기타종목,농구,탁구",월요일:18:00~22:00 화요일:14:00~15:00  수요일:00:00~00:00  목요일:15:00~22:00  금요일:18:00~22:00  토요일:13:00~17:00,2,2,2,128.077701,34.93454536
104,2017,경기도,화성시,초등학교,동탄중앙초등학교,20170301~20171231,564㎥ /1개 코트,"경기도 화성시 동탄대로시범길 117, 동탄중앙초등학교 (청계동)","농구,배구",월요일:17:00~19:00 화요일:17:00~19:00  수요일:17:00~19:00  목요일:17:00~19:00  금요일:17:00~19:00  토요일:14:00~18:00  일요일:12:00~16:00,0,1,0,127.1112669,37.19928404
105,2017,전라북도,익산시,초등학교,북일초등학교,20170301~20171231,658.6㎥ /4개 코트,전라북도 익산시 동서로19길 100 (신동),"족구,피구,기타종목,배구,배드민턴,탁구",월요일:15:00~22:00 화요일:15:00~22:00  수요일:15:00~22:00  목요일:15:00~22:00  금요일:15:00~22:00  토요일:09:00~13:00,0,1,1,126.9592222,35.96279623
106,2017,제주특별자치도,서귀포시,초등학교,동남초등학교,20170301~20171231,610㎥ /4개 코트,"제주특별자치도 서귀포시 성산읍 고성오조로 55, 동남초등학교",배드민턴,월요일:18:00~22:00 화요일:18:00~22:00  수요일:18:00~22:00  목요일:18:00~22:00  금요일:00:00~00:00  토요일:18:00~22:00  일요일:18:00~22:00,1,2,1,126.9140525,33.4493879
107,2017,제주특별자치도,서귀포시,중학교,대정중학교,20170301~20171231,1241㎥ /4개 코트,"제주특별자치도 서귀포시 대정읍 비행장로 18, 대정중학교","풋살,농구,배드민턴",월요일:18:00~22:00 화요일:18:00~22:00  수요일:18:00~22:00  목요일:18:00~22:00  금요일:18:00~22:00  토요일:18:00~22:00  일요일:00:00~00:00,1,2,1,126.2532327,33.21996162
108,2017,경상북도,의성군,초등학교,의성초등학교,20170301~20171231,1.000㎥ /1개 코트,"경상북도 의성군 의성읍 군청길 26, 의성초등학교","족구,풋살,피구,배구,배드민턴",월요일:13:00~21:00 화요일:13:00~21:00  수요일:17:00~21:00  목요일:13:00~21:00  금요일:13:00~21:00  토요일:09:00~13:00  일요일:00:00~00:00,2,2,2,128.69519,36.35158989
109,2017,경기도,시흥시,중학교,송운중학교,20170301~20171231,1602㎥ /5개 코트,경기도 시흥시 옥구천동로 433-11 (정왕동),"농구,배드민턴",월요일:12:30~19:30 화요일:12:30~19:30  수요일:12:30~19:30  목요일:12:30~19:30  금요일:12:30~19:30  토요일:09:00~14:00,0,3,0,126.731408,37.35941067
110,2017,경상북도,의성군,고등학교,안계고등학교,20170301~20171231,1700㎥ /1개 코트,"경상북도 의성군 안계면 용기9길 9, 안계고등학교","농구,배구,배드민턴,탁구",월요일:13:00~21:00 화요일:13:00~21:00  수요일:17:00~21:00  목요일:13:00~21:00  금요일:13:00~21:00  토요일:08:00~12:00  일요일:00:00~00:00,0,2,0,128.4339093,36.38334291
111,2017,경상북도,안동시,초등학교,영가초등학교,20170301~20171230,903㎥ /5개 코트,"경상북도 안동시 서경지8길 2, 영가초등학교 체육관 (태화동)","피구,농구,배구",월요일:18:00~22:00 화요일:18:00~22:00  수요일:18:00~22:00  목요일:18:00~22:00  금요일:18:00~22:00  토요일:09:00~14:00,0,1,1,128.7160395,36.56311031
112,2017,충청남도,청양군,초등학교,정산초등학교,20170302~20171231,1563.㎥ /4개 코트,충청남도 청양군 정산면 칠갑산로 1863,"배구,배드민턴",월요일:19:00~22:00 화요일:19:00~22:00  수요일:19:00~22:00  목요일:19:00~22:00  금요일:19:00~22:00  토요일:19:00~22:00  일요일:19:00~22:00,0,2,0,126.9463888,36.41592486
113,2017,전라남도,목포시,중학교,목포제일중학교,20170301~20171231,1425㎥ /5개 코트,"전라남도 목포시 삼학로 277, 목포제일중학교 (용해동)","기타종목,배드민턴",월요일:19:00~22:00 화요일:19:00~22:00  수요일:19:00~22:00  목요일:19:00~22:00  금요일:19:00~22:00  토요일:19:00~22:00  일요일:16:00~19:00,2,2,2,126.4069043,34.79617893
114,2017,충청남도,서산시,중학교,서령중학교,20170101~20171231,2608㎥ /1개 코트,"충청남도 서산시 서령로 117, 서령중학교 (동문동)","배구,탁구",월요일:19:00~22:00 화요일:19:00~22:00  수요일:19:00~22:00  목요일:19:00~22:00  금요일:19:00~22:00  토요일:09:00~11:00  일요일:16:00~19:00,1,2,1,126.4582768,36.79247551
115,2017,전라남도,강진군,초등학교,강진중앙초등학교,20170301~20171231,1209㎥ /2개 코트,전라남도 강진군 강진읍 중앙로 74,"배구,체조",월요일:19:00~23:00 화요일:19:00~23:00  수요일:19:00~23:00  목요일:19:00~23:00  금요일:19:00~23:00  토요일:13:00~18:00,0,2,0,126.7668408,34.63710067
116,2017,전라남도,강진군,초등학교,강진동초등학교,20170301~20171231,963㎥ /5개 코트,전라남도 강진군 강진읍 중앙로 180,"배구,배드민턴,체조",월요일:18:00~22:00 화요일:18:00~22:00  수요일:18:00~22:00  목요일:18:00~22:00  금요일:18:00~22:00  토요일:18:00~22:00  일요일:18:00~22:00,0,2,0,126.7762172,34.6411847
117,2017,충청북도,제천시,초등학교,화산초등학교,20170301~20171231,905㎥ /1개 코트,충청북도 제천시 내토로41길 18 (화산동),"농구,배구,배드민턴",월요일:18:00~22:00 화요일:18:00~22:00  수요일:18:00~22:00  목요일:18:00~22:00  금요일:18:00~22:00  토요일:14:00~18:00  일요일:00:00~00:00,0,2,1,128.2134631,37.12986957
118,2017,제주특별자치도,제주시,초등학교,제주북초등학교,20170301~20171231,700㎥ /4개 코트,"제주특별자치도 제주시 중앙로8길 18, 제주북초등학교 (삼도이동)","배드민턴,탁구",월요일:18:00~23:00 화요일:18:00~23:00  수요일:18:00~23:00  목요일:18:00~23:00  금요일:18:00~23:00  토요일:15:00~23:00  일요일:15:00~23:00,2,2,2,126.5213837,33.51499283
119,2017,대전광역시,서구,고등학교,용문산업정보고등학교,20170301~20171231,100㎥ /5개 코트,"대전광역시 서구 괴정로 191, 용문산업정보고등학교 (용문동)","배드민턴,체조,탁구",월요일:16:00~22:00 화요일:16:00~22:00  수요일:16:00~22:00  목요일:16:00~22:00  금요일:16:00~22:00  토요일:09:00~18:00,0,2,2,127.3925801,36.33320131
120,2017,경상북도,성주군,중학교,성주중학교,20170302~20171231,1.171㎥ /6개 코트,경상북도 성주군 성주읍 주천로 15-18,"기타종목,배구,배드민턴,탁구",화요일:18:00~22:00  수요일:18:00~22:00  목요일:18:00~22:00  금요일:18:00~22:00  토요일:13:00~18:00,2,2,0,128.2834315,35.92783552
121,2017,전라북도,익산시,중학교,원광중학교,20170301~20171231,810㎥ /1개 코트,"전라북도 익산시 무왕로31길 154, 원광중학교 (부송동)","배구,배드민턴,탁구",월요일:16:30~22:00 화요일:16:30~22:00  수요일:16:30~22:00  목요일:16:30~22:00  금요일:16:30~22:00  토요일:09:00~12:00  일요일:00:00~00:00,1,1,0,127.0013697,35.97389416
123,2017,전라남도,곡성군,초등학교,고달초등학교,20170301~20171231,660㎥ /3개 코트,"전라남도 곡성군 고달면 곡고로 424, 고달초등학교","댄스스포츠,배드민턴",월요일:18:00~22:00 화요일:18:00~22:00  수요일:18:00~22:00  목요일:18:00~22:00  금요일:00:00~00:00  토요일:18:00~22:00  일요일:00:00~00:00,1,1,1,127.3419686,35.29677442
124,2017,전라남도,나주시,초등학교,산포초등학교,20180301~20181231,1050㎥ /4개 코트,"전라남도 나주시 산포면 산포로 400, 산포초등학교","뉴스포츠**,배드민턴",월요일:19:00~22:30 화요일:19:00~22:30  수요일:19:00~22:30  목요일:19:00~22:30  금요일:19:00~22:30  토요일:19:00~22:30,0,2,0,126.8061216,35.03344695
125,2017,충청남도,태안군,중학교,태안중학교,20170301~20171231,2139㎥ /6개 코트,"충청남도 태안군 태안읍 중앙로 115, 태안중학교","배드민턴,탁구",월요일:19:00~22:30 화요일:19:00~22:30  수요일:19:00~22:30  목요일:19:00~22:30  금요일:19:00~22:30  토요일:19:00~22:30  일요일:19:00~22:30,1,2,0,126.3011695,36.75339812
127,2017,경기도,안성시,중학교,양성중학교,20170301~20171231,600㎥ /4개 코트,"경기도 안성시 양성면 양성로 51, 양성중학교","배드민턴,탁구",월요일:19:00~22:00 화요일:19:00~22:00  수요일:19:00~22:00  목요일:19:00~22:00  금요일:19:00~22:00  토요일:00:00~00:00  일요일:19:00~22:00,0,1,0,127.1958085,37.06314661
128,2017,경상북도,성주군,초등학교,성주중앙초등학교,20170302~20171231,1.135㎥ /4개 코트,경상북도 성주군 성주읍 시장1길 17,"기타종목,배드민턴,탁구",월요일:18:00~22:00 화요일:18:00~22:00  수요일:18:00~22:00  목요일:18:00~22:00  금요일:18:00~22:00  토요일:14:00~18:00,2,2,2,128.2864406,35.9167031
129,2017,강원도,인제군,고등학교,인제고등학교,20170301~20171231,1.300㎥ /4개 코트,"강원도 인제군 인제읍 인제로249번길 22, 인제고등학교","족구,배구",월요일:18:30~22:00 화요일:18:30~22:00  수요일:18:30~22:00  목요일:18:30~22:00  금요일:18:30~22:00  토요일:09:00~13:00,0,1,2,128.1773375,38.07422766
130,2017,대구광역시,달서구,초등학교,이곡초등학교,20170301~20171231,1193㎥ /10개 코트,"대구광역시 달서구 선원남로 120, 이곡초등학교 (이곡동)","기타종목,탁구",월요일:16:00~20:00 화요일:16:00~20:00  수요일:16:00~20:00  목요일:16:00~20:00  금요일:16:00~20:00  토요일:14:00~18:00  일요일:00:00~00:00,2,2,0,128.5136458,35.85684431
131,2017,경상북도,영양군,초등학교,영양초등학교,20170301~20171231,330㎥ /4개 코트,경상북도 영양군 영양읍 군청길 25,배드민턴,월요일:13:00~22:00 화요일:13:00~22:00  수요일:13:00~22:00  목요일:13:00~22:00  금요일:13:00~22:00  토요일:13:00~18:00,0,2,2,129.1111617,36.66634649
132,2017,경기도,시흥시,초등학교,시흥초등학교,20170301~20171231,668.2㎥ /1개 코트,경기도 시흥시 정왕대로143번길 15 (정왕동),"에어로빅,필라테스",월요일:11:00~19:00 화요일:11:00~19:00  수요일:11:00~19:00  목요일:11:00~19:00  금요일:11:00~19:00  토요일:13:00~15:00,0,0,0,126.7320864,37.3519773
133,2017,경기도,시흥시,중학교,배곧중학교,20170301~20171231,916.4㎥ /5개 코트,경기도 시흥시 배곧4로 72 (정왕동),"교정운동,배드민턴",월요일:16:30~20:30 화요일:12:00~17:00  수요일:16:30~20:30  목요일:16:30~20:30  금요일:16:30~20:30   일요일:10:00~18:00,2,3,2,126.730868,37.37490498
139,2017,부산광역시,부산진구,중학교,초읍중학교,20170301~20171231,720㎥ /1개 코트,"부산광역시 부산진구 성지로94번길 71, 초읍동 (초읍동)","요가,에어로빅,배구",월요일:18:00~22:00 화요일:17:00~22:00  수요일:18:00~22:00  목요일:18:00~22:00  금요일:18:00~22:00  토요일:14:00~17:00  일요일:14:00~17:00,0,1,0,129.0557404,35.18096061
141,2017,경기도,안성시,초등학교,내혜홀초등학교,20170301~20171231,773.1㎥ /4개 코트,"경기도 안성시 내혜홀3길 29, 내혜홀초등학교 (아양동)","배드민턴,탁구",월요일:19:00~22:00 화요일:19:00~22:00  수요일:19:00~22:00  목요일:19:00~22:00  금요일:19:00~22:00  토요일:19:00~22:00  일요일:00:00~00:00,0,1,0,127.2649044,37.00605462
142,2017,경기도,이천시,고등학교,이현고등학교,20170301~20171231,778.3㎥ /4개 코트,"경기도 이천시 증신로 88, 이현고등학교 (갈산동)",배드민턴,,0,0,0,127.457718,37.28562125
144,2017,충청남도,예산군,초등학교,예산중앙초등학교,20170301~20171231,1.385㎥ /2개 코트,"충청남도 예산군 예산읍 주교로 21, 예산중앙초등학교 체육관","족구,배드민턴,탁구",월요일:18:30~23:00 화요일:18:30~23:00  수요일:18:30~23:00  목요일:18:30~23:00  금요일:18:30~23:00  토요일:14:00~18:00  일요일:14:00~18:00,0,1,1,126.8313715,36.68416567
146,2017,강원도,정선군,초등학교,화동초등학교,20170301~20171231,1079㎥ /4개 코트,"강원도 정선군 정선읍 애산로 60, 체육회관 1층",배드민턴,월요일:19:00~22:00 화요일:19:00~22:00  수요일:19:00~22:00  목요일:19:00~22:00  금요일:19:00~22:00  토요일:19:00~22:00  일요일:19:00~22:00,1,1,1,128.6747444,37.37705836
147,2017,전라남도,광양시,초등학교,광양마로초등학교,20170101~20171231,697.2㎥ /4개 코트,"전라남도 광양시 광양읍 와룡길 60, 광양마로초등학교","풋살,기타종목,배구,배드민턴",월요일:15:30~22:00 화요일:15:30~22:00  수요일:15:30~22:00  목요일:15:30~22:00  금요일:15:30~22:00  토요일:13:00~17:00  일요일:00:00~00:00,2,2,2,127.6115936,34.967084
148,2017,충청남도,태안군,고등학교,만리포고등학교,20170301~20171231,1027㎥ /4개 코트,"충청남도 태안군 소원면 서해로 631, 만리포고등학교","줄넘기,기타종목,배드민턴,탁구",월요일:18:00~22:30 화요일:18:00~22:30  수요일:18:00~22:30  목요일:18:00~22:30  금요일:18:00~22:30  토요일:18:30~22:30  일요일:18:30~22:30,2,2,0,126.1908228,36.76035844
151,2017,세종특별자치시,세종특별자치시,초등학교,연동초등학교,20170801~20171231,372㎥ /1개 코트,세종특별자치시  연동면 청연로 606-36,"줄넘기,배구",월요일:14:00~22:00 화요일:14:00~22:00  수요일:14:00~22:00  목요일:14:00~22:00  금요일:14:00~22:00  토요일:09:00~17:00  일요일:00:00~,0,0,0,127.325888,36.55954468
152,2017,세종특별자치시,세종특별자치시,초등학교,연남초등학교,20170401~20171231,660㎥ /1개 코트,세종특별자치시  연기면 연기길 2,족구,월요일:19:00~22:00 화요일:19:00~22:00  수요일:19:00~22:00  목요일:19:00~22:00  금요일:19:00~22:00  토요일:13:00~16:00,0,0,0,127.277847,36.54388083
156,2017,대구광역시,달서구,초등학교,신서초등학교,20170301~20171231,1264㎥ /6개 코트,"대구광역시 달서구 계대동문로3길 46, 신서초등학교 (신당동)","농구,배드민턴",월요일:18:00~21:00 화요일:18:00~21:00  수요일:18:00~21:00  목요일:18:00~21:00  금요일:18:00~21:00  토요일:14:00~17:00  일요일:00:00~00:00,2,2,2,128.4947454,35.85793519
157,2017,경기도,의정부시,초등학교,의정부송산초등학교,20170301~20171231,69791㎥ /4개 코트,"경기도 의정부시 오목로 228, 의정부송산초등학교 (민락동)","에어로빅,배구,배드민턴",월요일:19:30~22:30 화요일:19:00~22:00  수요일:19:00~22:00  목요일:19:00~22:00  금요일:19:30~22:30  토요일:15:00~18:00,1,2,1,127.1008071,37.74656825
158,2017,제주특별자치도,제주시,초등학교,외도초등학교,20170301~20171231,594㎥ /6개 코트,제주특별자치도 제주시 일주서로 7368 (외도이동),"족구,배드민턴",월요일:18:30~22:30 화요일:18:30~22:30  수요일:18:30~22:30  목요일:18:30~22:30  금요일:18:30~22:30  토요일:15:30~20:30  일요일:15:30~20:30,0,0,0,126.4346988,33.49246577
159,2017,충청북도,제천시,초등학교,명지초등학교,20170301~20171231,733㎥ /1개 코트,충청북도 제천시 강명길 21 (명지동),"배드민턴,탁구",월요일:18:00~22:00 화요일:18:00~22:00  수요일:18:00~22:00  목요일:18:00~22:00  금요일:18:00~22:00  토요일:14:00~18:00  일요일:00:00~00:00,1,2,1,128.2054568,37.11882822
161,2017,충청남도,서산시,중학교,대산중학교,20170301~20171231,1057㎥ /6개 코트,"충청남도 서산시 대산읍 충의로 1856, 대산중학교","배구,배드민턴",월요일:14:00~22:00 화요일:14:00~22:00  수요일:14:00~22:00  목요일:14:00~22:00  금요일:14:00~22:00  토요일:19:00~22:00  일요일:19:00~22:00,1,1,1,126.4404028,36.93326619
163,2017,충청남도,서천군,고등학교,장항고등학교,20170302~20171231,1030㎥ /4개 코트,"충청남도 서천군 장항읍 성화로193번길 6, 장항고등학교","족구,요가,에어로빅,배구,배드민턴,탁구",월요일:15:30~22:30 화요일:15:30~22:30  수요일:15:30~22:30  목요일:15:30~22:30   토요일:13:00~22:00,2,3,2,126.7066945,36.01638039
164,2017,전라남도,나주시,중학교,나주노안중학교,20170331~20171231,731㎥ /3개 코트,"전라남도 나주시 노안면 노안로 373, 노안중학교","배드민턴,탁구",월요일:18:30~22:30 화요일:18:30~22:30  수요일:18:30~22:30  목요일:18:30~22:30  금요일:18:30~22:30  토요일:18:30~22:30,1,1,0,126.7340248,35.07365675
165,2017,경기도,부천시,중학교,부천여자중학교,20170301~20171231,1758.㎥ /1개 코트,"경기도 부천시 성주로23번길 22, 부천여자중학교 (송내동)","농구,배구,태권도",월요일:19:00~22:00 화요일:19:00~22:00  수요일:19:00~22:00  목요일:19:00~22:00  금요일:19:00~22:00  토요일:14:00~21:00  일요일:09:00~18:00,1,2,1,126.7604785,37.48137627
167,2017,경기도,시흥시,초등학교,배곧초등학교,20170301~20171231,550㎥ /1개 코트,경기도 시흥시 배곧4로 44-5 (정왕동),"필라테스,체조",월요일:15:00~19:00 화요일:15:00~19:00  수요일:15:00~19:00  목요일:15:00~19:00  금요일:15:00~19:00  토요일:09:00~17:00,2,4,2,126.7286771,37.37589074
168,2017,경상북도,영주시,고등학교,영주제일고등학교,20170301~20171231,1054㎥ /6개 코트,"경상북도 영주시 신재로 36, 가흥동 (가흥동)","골프,탁구",월요일:18:00~22:00 화요일:18:00~22:00   목요일:18:00~22:00  금요일:18:00~22:00  토요일:14:00~22:00,0,0,0,128.6091495,36.83291177
169,2017,경상북도,영주시,고등학교,영주고등학교,20170301~20171231,953㎥ /1개 코트,"경상북도 영주시 이산로 31, 영주고등학교 (하망동)","뉴스포츠**,배구",월요일:18:00~22:00 화요일:18:00~22:00   목요일:18:00~22:00  금요일:18:00~22:00  토요일:14:00~22:00,1,2,0,128.6412982,36.82270182
172,2017,서울특별시,금천구,중학교,문성중학교,20170301~20171231,486㎥ /8개 코트,"서울특별시 금천구 독산로102길 78, 문성중학교 (독산동)",탁구,월요일:17:00~21:00   목요일:17:00~22:00   토요일:09:00~18:00  일요일:09:00~18:00,0,0,0,126.9084938,37.4754682
173,2017,전라남도,함평군,고등학교,학다리고등학교,20170301~20171231,908.4㎥ /4개 코트,"전라남도 함평군 학교면 학교길 77, 학다리고등학교","배드민턴,탁구",월요일:14:00~22:00 화요일:14:00~22:00  수요일:14:00~22:00  목요일:14:00~22:00  금요일:14:00~22:00  토요일:10:00~12:00,0,1,0,126.5364017,35.0259649
176,2017,제주특별자치도,제주시,중학교,오름중학교,20170301~20171231,610㎥ /6개 코트,"제주특별자치도 제주시 화삼북로 110, 오름중학교 (도련일동)","댄스스포츠,배드민턴",월요일:18:00~22:00 화요일:18:00~22:00  수요일:18:00~22:00  목요일:18:00~22:00  금요일:18:00~22:00  토요일:18:00~22:00  일요일:18:00~22:00,2,2,2,126.5844702,33.51667441
178,2017,충청남도,태안군,초등학교,창기초등학교,20170301~20171231,587㎥ /3개 코트,충청남도 태안군 안면읍 황도로 72,"배드민턴,탁구",월요일:19:00~22:00 화요일:19:00~22:00  수요일:19:00~22:00  목요일:17:00~22:00  금요일:17:00~22:00  토요일:19:00~22:00  일요일:19:00~22:00,0,2,0,126.3380275,36.57969933
180,2017,전라남도,곡성군,초등학교,죽곡초등학교,20170301~20171231,492㎥ /3개 코트,"전라남도 곡성군 죽곡면 오죽로 43, 죽곡초등학교","뉴스포츠**,배드민턴",월요일:18:00~22:00 화요일:00:00~00:00  수요일:18:00~22:00  목요일:18:00~22:00  금요일:18:00~22:00  토요일:14:00~18:00  일요일:00:00~00:00,0,1,0,127.3178546,35.1527479
181,2017,전라남도,나주시,중학교,나주중학교,20170301~20171231,1478.㎥ /4개 코트,"전라남도 나주시 남산길 10, 나주중학교 (죽림동)","배드민턴,탁구",월요일:18:30~22:30 화요일:18:30~22:30  수요일:18:30~22:30  목요일:18:30~22:30  금요일:18:30~22:30  토요일:18:30~22:30,1,1,0,126.7220063,35.03095299
182,2017,경기도,부천시,중학교,부천동여자중학교,20170301~20171231,1288㎥ /1개 코트,경기도 부천시 경인로484번길 36 (괴안동),"농구,탁구",월요일:19:00~22:00 화요일:19:00~22:00  수요일:19:00~22:00  목요일:19:00~22:00  금요일:19:00~22:00  토요일:14:00~21:00  일요일:10:00~18:00,0,2,0,126.8102958,37.48077551
184,2017,경상남도,고성군,초등학교,동해초등학교,20170301~20171231,771.5㎥ /4개 코트,경상남도 고성군 동해면 동해로 1585,"배구,배드민턴",화요일:18:00~22:00  수요일:18:00~22:00  목요일:18:00~20:00  금요일:18:00~20:00  토요일:18:00~21:00,1,2,1,128.4445817,35.04613467
186,2017,경상남도,하동군,초등학교,옥종초등학교,20170301~20171231,962.3㎥ /4개 코트,"경상남도 하동군 옥종면 주포중앙길 14-13, 옥종초등학교","배드민턴,체조,탁구",월요일:15:00~21:00 화요일:15:00~21:00  수요일:15:00~21:00  목요일:15:00~21:00  금요일:15:00~21:00  토요일:09:00~13:00  일요일:00:00~00:00,1,2,1,127.8821819,35.18113007
187,2017,충청남도,태안군,중학교,태안여자중학교,20170301~20171231,554.2㎥ /3개 코트,충청남도 태안군 태안읍 다락미4길 27,"줄넘기,배드민턴,웨이트트레이닝,탁구",월요일:18:30~22:30 화요일:18:30~22:30  수요일:18:30~22:30  목요일:18:30~22:30  금요일:18:30~22:30  토요일:18:30~22:30  일요일:18:30~22:30,1,1,0,126.3063693,36.75185621
189,2017,전라남도,진도군,초등학교,진도초등학교,20170301~20171231,1905㎥ /6개 코트,"전라남도 진도군 진도읍 성내길 9, 진도초등학교","배구,배드민턴",화요일:17:00~22:00  수요일:17:00~22:00  목요일:17:00~22:00  금요일:18:00~22:00  토요일:18:00~22:00,1,2,1,126.2651196,34.48662154
190,2017,대전광역시,유성구,고등학교,중일고등학교,20170302~20171231,"2,754㎥ /4개 코트","대전광역시 유성구 배울2로 68, 중일고등학교 (관평동)","뉴스포츠**,농구,댄스스포츠,배구,배드민턴,체조,탁구",월요일:14:00~22:00 화요일:13:00~22:00  수요일:14:00~22:00  목요일:13:00~22:00  금요일:13:00~22:00  토요일:15:00~20:00  일요일:15:00~21:00,2,2,2,127.3886965,36.42052491
191,2017,충청남도,태안군,고등학교,안면고등학교,20170301~20171231,662㎥ /4개 코트,충청남도 태안군 안면읍 조운막터길 73,"요가,배드민턴,탁구",월요일:19:00~23:00 화요일:19:00~23:00  수요일:19:00~23:00  목요일:19:00~23:00  금요일:20:00~23:00   일요일:19:00~23:00,0,2,0,126.3560096,36.50942768
193,2017,경기도,안성시,초등학교,죽산초등학교,20170301~20171231,755.6㎥ /3개 코트,"경기도 안성시 죽산면 죽산초교길 39-7, 죽산초등학교","배드민턴,탁구",월요일:19:00~22:00 화요일:19:00~22:00  수요일:19:00~22:00  목요일:19:00~22:00  금요일:19:00~22:00  토요일:19:00~22:00  일요일:00:00~00:00,0,1,0,127.4202835,37.0775175
194,2017,경기도,안성시,중학교,서운중학교,20170301~20171231,583.5㎥ /3개 코트,"경기도 안성시 서운면 바우덕이로 25, 서운중학교","농구,배드민턴",월요일:18:30~22:00 화요일:18:30~22:00  수요일:18:30~22:00  목요일:18:30~22:00  금요일:18:30~22:00  토요일:00:00~00:00  일요일:13:00~16:00,1,1,1,127.2640856,36.94487143
195,2017,대구광역시,서구,초등학교,이현초등학교,20170301~20171231,1058㎥ /5개 코트,대구광역시 서구 국채보상로37길 35 (평리동),"배드민턴,체조",월요일:18:30~22:00 화요일:18:30~22:00  수요일:18:30~22:00  목요일:18:30~22:00  금요일:18:30~22:00  토요일:16:00~22:00,2,2,0,128.5503997,35.87348606
196,2017,대구광역시,달서구,초등학교,장기초등학교,20170301~20171231,992.6㎥ /3개 코트,"대구광역시 달서구 장기로 280, 장기초등학교 (장기동)","뉴스포츠**,농구",월요일:17:30~21:30 화요일:17:30~21:30  수요일:17:30~21:30  목요일:17:30~21:30  금요일:17:30~21:30  토요일:14:00~18:00  일요일:00:00~00:00,0,2,0,128.5290125,35.84439346
197,2017,전라남도,영광군,고등학교,영광공업고등학교,20170301~20171231,100㎥ /3개 코트,전라남도 영광군 영광읍 월현로 34,"배드민턴,탁구,태권도",월요일:18:00~22:00 화요일:18:00~22:00  수요일:18:00~22:00  목요일:18:00~22:00  금요일:18:00~22:00  토요일:18:00~22:00,1,2,2,126.5025856,35.27940226
198,2017,전라남도,곡성군,고등학교,한울고등학교,20170301~20171231,294㎥ /6개 코트,"전라남도 곡성군 목사동면 주목로 713, 한울고등학교","배드민턴,탁구",월요일:18:00~22:00 화요일:18:00~22:00  수요일:18:00~22:00  목요일:18:00~22:00  금요일:00:00~00:00  토요일:18:00~22:00  일요일:00:00~00:00,1,1,1,127.2980952,35.11735857
199,2017,경기도,부천시,중학교,덕산중학교,20170301~20171231,640㎥ /4개 코트,"경기도 부천시 성오로 203, 수영장2층 (오정동)","기타종목,댄스스포츠,배드민턴",월요일:19:00~22:00 화요일:19:00~22:00  수요일:19:00~22:00  목요일:19:00~22:00  금요일:19:00~22:00  토요일:14:00~21:00  일요일:10:00~18:00,0,2,0,126.7936183,37.52892504
200,2017,경기도,시흥시,초등학교,승지초등학교,20170316~20171231,595㎥ /1개 코트,경기도 시흥시 승지로 110 (능곡동),"필라테스,교정운동,체조",월요일:09:00~17:00 화요일:09:00~17:00  수요일:09:00~17:00  목요일:09:00~17:00  금요일:09:00~17:00  토요일:09:00~15:00,0,4,0,126.8127399,37.37238591
202,2017,경상남도,하동군,초등학교,하동초등학교,20170301~20171231,935.1㎥ /5개 코트,"경상남도 하동군 하동읍 남당길 47, 하동초등학교","요가,에어로빅,댄스스포츠,배구",월요일:16:00~20:00 화요일:16:00~20:00  수요일:16:00~20:00  목요일:16:00~20:00  금요일:16:00~20:00  토요일:14:00~19:00  일요일:00:00~00:00,1,2,1,127.7486117,35.06717219
205,2017,경기도,시흥시,고등학교,배곧고등학교,20170301~20171231,847.4㎥ /6개 코트,경기도 시흥시 배곧4로 94-10 (정왕동),"교정운동,탁구",월요일:14:00~22:00 화요일:14:00~22:00  수요일:17:00~22:00  목요일:17:00~22:00  금요일:14:00~22:00  토요일:13:00~19:00,2,4,2,126.73254,37.37409154
206,2017,경기도,시흥시,중학교,장곡중학교,20170301~20171231,313㎥ /1개 코트,경기도 시흥시 장곡로 10 (장곡동),"교정운동,검도",화요일:13:00~21:00  수요일:13:00~21:00  목요일:13:00~21:00  금요일:13:00~21:00  토요일:13:00~21:00,0,3,1,126.7876166,37.37983584
207,2017,경기도,시흥시,초등학교,대야초등학교,20170301~20171231,137.7㎥ /1개 코트,경기도 시흥시 대골안길 31 (대야동),"필라테스,댄스스포츠",월요일:11:00~18:00 화요일:11:00~18:00  수요일:11:00~18:00  목요일:11:00~18:00  금요일:11:00~18:00  토요일:10:00~15:00,0,3,0,126.7890667,37.44684163
208,2017,경상북도,경산시,초등학교,평산초등학교,20170101~20171231,10㎥ /1개 코트,"경상북도 경산시 솔숲길 47, 평산초등학교 체육관 (사동)","배구,배드민턴",월요일:18:00~22:00 화요일:18:00~22:00  수요일:18:00~22:00  목요일:18:00~22:00  금요일:18:00~22:00  토요일:14:00~18:00  일요일:00:00~00:00,0,2,0,128.7566426,35.80748551
209,2017,전라남도,영암군,중학교,전남영암중학교,20170301~20171231,1335㎥ /4개 코트,전라남도 영암군 영암읍 영암초중고길 32,"배구,배드민턴",월요일:17:00~21:00  수요일:17:00~21:00  목요일:17:00~21:00  금요일:17:00~21:00  토요일:13:00~21:00,1,1,1,126.6880458,34.79842158
211,2017,충청남도,서산시,중학교,서산부춘중학교,20170301~20171231,64315㎥ /4개 코트,"충청남도 서산시 부춘2로 42, (585-1) (읍내동)","배구,배드민턴",월요일:14:00~22:00 화요일:14:00~22:00  수요일:14:00~22:00  목요일:14:00~22:00  금요일:14:00~22:00  토요일:00:00~00:00  일요일:00:00~00:00,0,2,0,126.4435333,36.78615605
212,2017,경상남도,고성군,초등학교,하이초등학교,20170301~20171231,750.2㎥ /4개 코트,경상남도 고성군 하이면 남일로 423,"배구,배드민턴",월요일:13:30~21:30 화요일:13:30~21:30  수요일:13:30~21:30  목요일:13:30~21:30  금요일:13:30~21:30  토요일:09:00~21:30,1,3,1,128.1216328,34.92956593
214,2017,대구광역시,동구,초등학교,방촌초등학교,20170301~20171231,1073㎥ /6개 코트,대구광역시 동구 동촌로42길 35-14 (방촌동),탁구,월요일:10:00~19:00 화요일:10:00~19:00  수요일:10:00~19:00  목요일:10:00~19:00  금요일:10:00~19:00  토요일:09:00~13:00,2,2,2,128.6630617,35.88070613
215,2017,전라북도,전주시,초등학교,서곡초등학교,20170301~20171231,632㎥ /4개 코트,"전라북도 전주시 완산구 서곡7길 30, 서곡초등학교 (효자동3가)","요가,기타종목,배드민턴",월요일:13:30~16:30 화요일:13:30~16:30  수요일:13:30~16:30  목요일:13:30~16:30  금요일:13:30~16:30  토요일:09:00~12:00,1,1,1,127.100895,35.83306061
217,2017,전라남도,여수시,초등학교,여수 서초등학교,20170304~20171231,782㎥ /4개 코트,"전라남도 여수시 서교1길 29, 서초등학교 (서교동)","배구,배드민턴",월요일:00:00~00:00 화요일:17:00~22:00  수요일:17:00~22:00  목요일:17:00~22:00  금요일:17:00~22:00  토요일:17:00~22:00  일요일:00:00~00:00,2,2,2,127.7249875,34.7407915
218,2017,전라북도,진안군,중학교,부귀중학교,20170301~20171231,840.7㎥ /1개 코트,"전라북도 진안군 부귀면 상거석길 14-7, 부귀중학교","요가,농구,배구,배드민턴",월요일:18:00~22:00 화요일:18:00~22:00   목요일:18:00~22:00  금요일:19:00~22:00  토요일:09:00~12:00,2,2,2,127.366163,35.84026846
219,2017,전라남도,광양시,중학교,광양중학교,20170101~20180101,1477㎥ /4개 코트,"전라남도 광양시 광양읍 신재로 90, 광양중학교","기타종목,배구,배드민턴,탁구",월요일:15:30~22:00 화요일:15:30~22:00  수요일:16:30~22:00  목요일:15:30~22:00  금요일:15:30~22:00  토요일:13:00~18:00  일요일:00:00~00:00,1,1,1,127.5908687,34.97967879
220,2017,전라남도,광양시,초등학교,광양서초등학교,20170101~20171231,878㎥ /3개 코트,"전라남도 광양시 광양읍 숲샘길 29, 광양서초등학교","족구,풋살,배구",월요일:15:30~22:00 화요일:15:30~22:00  수요일:15:30~22:00  목요일:15:30~22:00  금요일:15:30~22:00  토요일:13:00~17:00  일요일:00:00~00:00,1,1,1,127.5834772,34.97111663
221,2017,전라남도,영암군,초등학교,삼호중앙초등학교,20170301~20171231,1.476㎥ /5개 코트,전라남도 영암군 영암읍 여운재로 33,"배구,배드민턴",월요일:17:00~21:00  수요일:17:00~21:00  목요일:17:00~21:00  금요일:17:00~21:00  토요일:13:00~21:00,1,1,1,126.7031448,34.8053526
222,2017,충청남도,아산시,초등학교,용화초등학교,20170523~20171231,794㎥ /1개 코트,"충청남도 아산시 시민로258번길 3-8, 용화초등학교 (용화동)","기타종목,배드민턴",월요일:17:30~21:30 화요일:17:30~21:30  수요일:17:30~21:30  목요일:17:30~21:30  금요일:17:30~21:30  토요일:10:00~13:00,0,2,0,126.9963725,36.77311778
223,2017,부산광역시,영등포구,초등학교,aa,20170620~20170621,11㎥ /11개 코트,"서울특별시 영등포구 양평로 2, ㄴㅇㄹㄴ (당산동6가)","댄스스포츠,육상",,2,0,0,126.9057654,37.53224732
228,2017,전라남도,장흥군,중학교,회덕중학교,20180301~20181231,769㎥ /4개 코트,"전라남도 장흥군 회진면 가학회진로 1519, 회덕중학교","배구,배드민턴",월요일:18:30~22:00 화요일:18:30~22:00  수요일:18:30~22:00  목요일:18:30~22:00  금요일:18:30~22:00  토요일:10:00~13:00,1,1,1,126.9358307,34.4772745
230,2017,경상북도,의성군,초등학교,도리원초등학교,20180301~20181231,0㎥ /3개 코트,경상북도 의성군 봉양면 도리원5길 9,"배구,배드민턴",,2,2,2,128.5785417,36.3004168
232,2017,강원도,인제군,중학교,인제중학교,20170301~20171231,100㎥ /6개 코트,"강원도 인제군 인제읍 인제로231번길 12, 인제중학교",배드민턴,월요일:19:00~22:00 화요일:19:00~22:00  수요일:19:00~22:00  목요일:19:00~22:00  금요일:19:00~22:00  토요일:19:00~22:00  일요일:19:00~22:00,1,1,1,128.1750138,38.0729742
234,2018,세종특별자치시,세종특별자치시,초등학교,연동초등학교(취소),20180307~20181231,372㎥ /1개 코트,"세종특별자치시 연동면 청연로 606-36, 연동초등학교",배구,월요일:14:00~22:00 화요일:12:00~20:00  수요일:12:00~20:00  목요일:12:00~20:00  금요일:12:00~18:00  토요일:09:00~17:00,0,2,0,127.3250124,36.5583171
253,2018,전라북도,장수군,중학교,장수중학교,20180301~20181231,889㎥ /4개 코트,"전라북도 장수군 장수읍 호비로 68, 장수중학교","뉴스포츠**,배드민턴",월요일:19:00~22:00 화요일:19:00~22:00  수요일:19:00~22:00  목요일:19:00~22:00  금요일:19:00~22:00   일요일:19:00~22:00,2,2,2,127.5207329,35.65352077
275,2018,전라남도,곡성군,초등학교,고달초등학교,20180301~20181231,807㎥ /3개 코트,전라남도 곡성군 곡성읍 곡성로 855,"배드민턴,탁구",월요일:18:00~22:00 화요일:18:00~22:00  수요일:18:00~22:00  목요일:18:00~22:00  금요일:18:00~22:00  토요일:18:00~22:00,1,2,1,127.2981776,35.28142419
277,2018,인천광역시,부평구,중학교,부일중학교,20180301~20181231,2222㎥ /4개 코트,인천광역시 부평구 영성로 3 (삼산동),배드민턴,월요일:19:00~22:00 화요일:19:00~22:00  수요일:19:00~22:00  목요일:19:00~22:00   토요일:14:00~18:00,0,1,0,126.7405339,37.52074703
281,2018,경상남도,하동군,초등학교,적량초등학교,20180301~20181231,734.6㎥ /4개 코트,"경상남도 하동군 적량면 금강길 16, 적량초등학교",탁구,월요일:15:00~22:00 화요일:15:00~22:00  수요일:15:00~22:00  목요일:15:00~22:00  금요일:15:00~22:00  토요일:00:00~00:00  일요일:18:00~22:00,1,2,2,127.7735235,35.08576662
285,2018,경기도,부천시,중학교,옥길중학교,20180301~20181231,81.74㎥ /3개 코트,"경기도 부천시 양지로 234-41, 옥길중학교 (옥길동)",배드민턴,월요일:19:00~22:00 화요일:19:00~22:00  수요일:19:00~22:00  목요일:19:00~22:00  금요일:19:00~22:00  토요일:14:00~21:00  일요일:10:00~18:00,2,2,2,126.8266497,37.4638567
295,2018,울산광역시,중구,초등학교,다운초등학교,20180301~20181231,795㎥ /4개 코트,울산광역시 중구 다운8길 5 (다운동),"기타종목,배드민턴",월요일:19:30~22:00 화요일:18:00~22:00  수요일:19:30~22:00  목요일:18:00~22:00  금요일:19:30~22:00  토요일:19:30~22:00,1,2,1,129.2670076,35.56180152
298,2018,전라남도,영암군,초등학교,삼호중앙초등학교,20180301~20181231,1.470㎥ /4개 코트,"전라남도 영암군 삼호읍 중앙촌길 35, 삼호중앙초등학교","배구,배드민턴",월요일:17:00~22:00 화요일:00:00~00:00  수요일:17:00~22:00  목요일:17:00~22:00  금요일:17:00~22:00  토요일:13:00~21:00  일요일:00:00~00:00,1,2,0,126.4700099,34.74745202
306,2018,제주특별자치도,제주시,초등학교,제주북초등학교,20180301~20181231,601㎥ /4개 코트,"제주특별자치도 제주시 동문로 169, 사라봉다목적체육관 (건입동)","배드민턴,탁구",월요일:18:00~22:00 화요일:18:00~22:00  수요일:18:00~22:00  목요일:18:00~22:00  금요일:18:00~22:00  토요일:17:00~22:00  일요일:17:00~22:00,0,2,0,126.544423,33.51370045
341,2018,전라북도,남원시,초등학교,남원용성초등학교,20180301~20181231,991㎥ /1개 코트,전라북도 남원시 용성로 29 (동충동),"족구,줄넘기,배구",월요일:19:30~22:30 화요일:19:30~22:30  수요일:19:30~22:30  목요일:19:30~22:30  금요일:19:30~22:30  토요일:09:00~13:00,1,2,1,127.3798565,35.40936565
368,2018,울산광역시,울주군,중학교,웅촌중학교,20180301~20181231,737㎥ /4개 코트,"울산광역시 울주군 웅촌면 새초천길 13, 웅촌중학교","줄넘기,배드민턴",월요일:18:00~22:00 화요일:19:00~21:00  수요일:18:00~22:00  목요일:18:00~22:00  금요일:19:00~21:00  토요일:19:00~21:00  일요일:00:00~00:00,2,2,2,129.208453,35.46243545
369,2018,전라남도,영광군,초등학교,영광초등학교,20180301~20181231,1457㎥ /1개 코트,전라남도 영광군 영광읍 중앙로 216-7,"배드민턴,태권도",월요일:14:00~22:00 화요일:14:00~22:00  수요일:16:00~22:00  목요일:14:00~22:00  금요일:16:00~22:00  토요일:18:00~22:00,0,1,0,126.5134871,35.27893779
370,2018,경기도,시흥시,초등학교,군서초등학교,20180401~20181231,842.8㎥ /3개 코트,"경기도 시흥시 정왕천로 427, 30 군서초등학교 (정왕동)","교정운동,배드민턴",월요일:16:00~20:00 화요일:16:00~20:00  수요일:16:00~20:00  목요일:16:00~19:00  금요일:16:00~20:00  토요일:09:00~13:00  일요일:00:00~00:00,2,3,2,126.7531358,37.34565095
372,2018,전라남도,장흥군,초등학교,부산초등학교,20180301~20181231,680㎥ /4개 코트,전라남도 장흥군 부산면 부유로 25-16,"배구,배드민턴",월요일:18:30~22:30 화요일:18:30~22:30  수요일:18:30~22:30  목요일:18:30~22:30  금요일:18:30~22:30  토요일:18:30~22:30,1,1,1,126.9012723,34.72291091
376,2018,울산광역시,중구,초등학교,언양초등학교,20180301~20181231,711㎥ /4개 코트,울산광역시 중구 염포로 55 (남외동),"배구,배드민턴",월요일:19:00~22:00 화요일:19:00~22:00  수요일:19:00~22:00  목요일:19:00~22:00  금요일:19:00~22:00  토요일:19:00~22:00,1,2,1,129.3481434,35.5623241
380,2018,전라남도,목포시,초등학교,목포삼학초등학교,20180301~20181231,11090㎥ /5개 코트,"전라남도 목포시 남해로39번길 8, 목포삼학초등학교 (산정동)","기타종목,배구,배드민턴",월요일:17:30~22:00 화요일:17:30~22:00  수요일:17:30~22:00  목요일:17:30~22:00  금요일:17:30~22:00  토요일:13:00~17:30,1,2,1,126.4012493,34.79092494
387,2018,경기도,시흥시,초등학교,배곧한울초등학교,20180301~20181231,710㎥ /0개 코트,"경기도 시흥시 배곧1로 28-25, 배곧한울초등학교 (정왕동)","요가,에어로빅,필라테스,체조",월요일:10:30~18:00 화요일:10:30~18:30  수요일:10:30~18:00  목요일:10:30~18:00  금요일:10:30~18:00  토요일:14:00~16:00,1,1,0,126.7126955,37.36053731
390,2018,경기도,화성시,중학교,청림중학교,20180801~20181231,765㎥ /1개 코트,"경기도 화성시 동탄산척로 94, 청림중학교 (산척동)","농구,배구,탁구",월요일:00:00~00:00 화요일:17:00~22:00  수요일:18:00~22:00  목요일:17:00~22:00  금요일:00:00~00:00  토요일:09:00~13:00  일요일:00:00~00:00,0,2,2,127.111399,37.1718143
396,2018,충청남도,계룡시,초등학교,두마초등학교,20180301~20181231,643㎥ /4개 코트,"충청남도 계룡시 두마면 팥거리로 160, 60-1 두마초등학교(강당)","피구,기타종목,배구,배드민턴,탁구",월요일:13:00~22:00 화요일:14:00~22:00  수요일:13:00~22:00  목요일:14:00~22:00  금요일:14:00~22:00  토요일:13:00~18:00  일요일:00:00~00:00,2,2,2,127.2695978,36.2696785
402,2018,울산광역시,울주군,초등학교,언양초등학교,20180301~20181231,711㎥ /4개 코트,"울산광역시 울주군 언양읍 북문13길 7, 언양초등학교","배구,배드민턴",월요일:19:00~22:00 화요일:19:00~22:00  수요일:19:00~22:00  목요일:19:00~22:00  금요일:19:00~22:00  토요일:19:00~22:00  일요일:00:00~,1,2,1,129.1276791,35.57274968
411,2018,전라북도,익산시,고등학교,함열고등학교,20180301~20181231,1393㎥ /1개 코트,"전라북도 익산시 함열읍 와리3길 19-3, 함열고등학교","기타종목,농구,배드민턴",월요일:16:00~22:00 화요일:16:00~22:00  수요일:16:00~22:00  목요일:16:00~22:00  금요일:16:00~22:00  토요일:10:00~18:00  일요일:00:00~00:00,2,2,2,126.9591276,36.08186441
413,2018,강원도,인제군,중학교,원통중학교,20180401~20181231,1.174㎥ /0개 코트,강원도 인제군 북면 원통로 285,탁구,월요일:19:00~21:30 화요일:19:00~21:30  수요일:19:00~21:30  목요일:19:00~21:30  금요일:19:30~21:30,0,2,2,128.2129813,38.12747133
414,2018,세종특별자치시,세종특별자치시,중학교,고운중학교,20180901~20181231,00㎥ /4개 코트,세종특별자치시 만남로 65 (고운동),배드민턴,월요일:14:00~22:00 화요일:14:00~22:00  수요일:14:00~22:00  목요일:14:00~22:00  금요일:14:00~22:00  토요일:16:00~22:00,2,2,2,127.2376743,36.50532733
417,2019,전라남도,강진군,초등학교,도암초등학교,20190301~20191231,904㎥ /4개 코트,"전라남도 강진군 도암면 봉황로 10, 도암초등학교","배드민턴,체조",월요일:18:00~22:00 화요일:18:00~22:00  수요일:18:00~22:00  목요일:18:00~22:00  금요일:18:00~22:00  토요일:18:00~22:00,0,2,0,126.7255067,34.55138705
420,2019,전라남도,곡성군,초등학교,삼기초등학교,20190301~20191231,570㎥ /4개 코트,"전라남도 곡성군 삼기면 곡순로 1462, 삼기초등학교","뉴스포츠**,배드민턴",월요일:18:00~22:00 화요일:18:00~22:00  수요일:18:00~22:00  목요일:18:00~22:00  금요일:18:00~22:00  토요일:18:00~22:00  일요일:00:00~00:00,1,2,2,127.2091468,35.23673969
428,2019,충청북도,충주시,초등학교,노은초등학교,20190301~20191231,993㎥ /3개 코트,"충청북도 충주시 노은면 연하중앙길 27, (노은면)","배구,배드민턴",월요일:18:30~22:00 화요일:18:30~22:00  수요일:18:30~22:00  목요일:18:30~22:00  금요일:18:30~22:00,2,2,0,127.7556142,37.04849541
436,2019,광주광역시,광산구,초등학교,송정초등학교,20190301~20191231,495㎥ /4개 코트,"광주광역시 광산구 송도로208번길 25, 송정초등학교 (도산동)","기타종목,배구",월요일:10:00~20:00 화요일:10:00~20:00   목요일:10:00~20:00  금요일:10:00~20:00  토요일:09:00~13:00,1,1,1,126.7962753,35.13166655
443,2019,경상북도,안동시,고등학교,안동생명과학고등학교,20190801~20191231,1314㎥ /2개 코트,"경상북도 안동시 하이마로 385, . (옥동)","댄스스포츠,배구,탁구",월요일:18:00~22:00 화요일:18:00~22:00  수요일:18:00~22:00  목요일:18:00~22:00  금요일:18:00~22:00  토요일:10:00~14:00,0,2,0,128.6881288,36.55046891
448,2019,세종특별자치시,세종특별자치시,중학교,부강중학교,20190301~20191231,1152㎥ /1개 코트,세종특별자치시 부강면 부강로 25-7,"족구,기타종목,배구,배드민턴",월요일:14:00~22:00 화요일:14:00~22:00  수요일:14:00~22:00  목요일:14:00~22:00  금요일:14:00~22:00,0,1,0,127.3648142,36.52631715
449,2019,세종특별자치시,세종특별자치시,중학교,아름중학교,20190301~20191231,616㎥ /2개 코트,세종특별자치시 달빛1로 167 (아름동),"농구,배드민턴",월요일:18:00~21:30 화요일:18:00~21:30  수요일:18:00~21:30   금요일:18:00~21:30  토요일:18:00~21:30,1,2,2,127.245223,36.51426538
451,2019,세종특별자치시,세종특별자치시,초등학교,소정초등학교,20190301~20191231,482㎥ /2개 코트,세종특별자치시 소정면 학교말길 10,"기타종목,배드민턴",월요일:17:00~22:00 화요일:17:00~22:00  수요일:17:00~22:00  목요일:17:00~22:00  금요일:17:00~22:00,0,1,0,127.1583666,36.72060123
453,2019,강원도,철원군,고등학교,신철원고등학교,20190801~20191231,1555㎥ /4개 코트,강원도 철원군 갈말읍 명성로149번길 64,배드민턴,월요일:19:30~22:30 화요일:19:30~22:30  수요일:19:30~22:30  목요일:19:30~22:30  금요일:19:30~22:30  토요일:19:30~22:30  일요일:19:30~22:30,0,2,2,127.3038496,38.14706658
455,2019,경기도,여주시,초등학교,점봉초등학교,20190801~20191231,594㎥ /1개 코트,"경기도 여주시 세종로 488-4, 점봉초등학교 (점봉동)",배드민턴,월요일:19:00~22:00 화요일:19:00~22:00  수요일:19:00~22:00  목요일:19:00~22:00  금요일:19:00~22:00,0,1,0,127.644635,37.25674591
457,2019,경상남도,사천시,중학교,삼천포제일중학교,20190301~20191231,500㎥ /0개 코트,"경상남도 사천시 상강청길 34, 제일중학교 (용강동)","필라테스,댄스스포츠",월요일:16:30~22:00 화요일:16:30~22:00  수요일:00:00~00:00  목요일:16:30~22:00  금요일:18:00~22:00  토요일:00:00~00:00  일요일:00:00~00:00,0,1,0,128.085664,34.94879903
458,2019,전라남도,장흥군,초등학교,장흥초등학교,20190301~20191231,704㎥ /4개 코트,전라남도 장흥군 장흥읍 의향길 23,"배구,배드민턴",월요일:19:00~22:00 화요일:19:00~22:00  수요일:19:00~22:00  목요일:19:00~22:00  금요일:19:00~22:00  토요일:19:00~22:00  일요일:00:00~00:00,0,0,0,126.9073842,34.68371634
467,2019,전라남도,나주시,초등학교,한아름초등학교,20190301~20191231,10348㎥ /4개 코트,"전라남도 나주시 호수로 134, 한아름초등학교 (빛가람동)","뉴스포츠**,배드민턴",월요일:19:30~22:30 화요일:19:30~22:30  수요일:19:30~22:30  목요일:19:30~22:30  금요일:19:30~22:30  토요일:19:30~22:30,1,2,1,126.7973843,35.01271991
474,2019,강원도,정선군,초등학교,증산초등학교,20190301~20191231,954.7㎥ /4개 코트,"강원도 정선군 남면 민둥산로 12, 증산초등학교",배드민턴,월요일:14:00~22:00 화요일:14:00~22:00  수요일:14:00~22:00  목요일:14:00~22:00  금요일:14:00~22:00  토요일:00:00~00:00  일요일:00:00~00:00,1,1,1,128.7807983,37.25487719
484,2019,전라남도,영암군,중학교,신북중학교,20190301~20191231,1.480㎥ /4개 코트,"전라남도 영암군 신북면 간은정로 77, 신북중학교","배구,배드민턴",월요일:18:00~22:00  수요일:18:00~22:00  목요일:18:00~22:00  금요일:18:00~22:00  토요일:13:00~21:00,0,1,0,126.6977646,34.8909443
485,2019,전라남도,영암군,중학교,삼호서중학교,20190301~20191231,2.464㎥ /4개 코트,전라남도 영암군 삼호읍 모밀항길 20,"배구,배드민턴",월요일:18:00~22:00  수요일:18:00~22:00  목요일:18:00~22:00  금요일:18:00~22:00  토요일:13:00~21:00,0,1,0,126.3842151,34.74732237
487,2019,울산광역시,울주군,초등학교,온산초등학교,20190301~20191231,795㎥ /4개 코트,울산광역시 울주군 온산읍 신온9길 16,"줄넘기,요가,배구",월요일:19:00~22:00 화요일:19:00~22:00  수요일:19:00~22:00  목요일:19:00~22:00  금요일:19:00~22:00  토요일:19:00~22:00  일요일:00:00~00:00,0,2,2,129.3144727,35.42841273
488,2019,충청남도,서산시,중학교,서산중학교,20190301~20191231,1760㎥ /6개 코트,"충청남도 서산시 덕지천로 90, 석남동57-1 (석남동)","기타종목,배드민턴",월요일:19:00~22:00 화요일:19:00~22:00  수요일:19:00~22:00  목요일:19:00~22:00  금요일:19:00~22:00  토요일:19:00~22:00  일요일:19:00~22:00,0,2,1,126.4583704,36.76909535
493,2019,충청남도,태안군,초등학교,이원초등학교,20190301~20191231,493.7㎥ /배구개 코트,충청남도 태안군 이원면 원이로 1536-31,"뉴스포츠**,필라테스,교정운동,기타종목,배구,배드민턴,탁구",월요일:14:30~22:00 화요일:15:30~22:00  수요일:14:00~22:00  목요일:19:00~22:00   토요일:19:00~22:00,2,2,0,126.2809829,36.86935881
494,2019,충청남도,태안군,초등학교,남면초등학교,20190301~20191231,300㎥ /3개 코트,"충청남도 태안군 남면 남면로 125, 남면초등학교","기타종목,배드민턴",월요일:19:00~22:30 화요일:19:00~22:30  수요일:19:00~22:30  목요일:19:00~22:30  금요일:19:00~22:30  토요일:19:00~22:30  일요일:19:00~22:30,0,2,0,126.3001728,36.67354349
496,2019,충청남도,계룡시,초등학교,신도초등학교,20190301~20191231,476㎥ /3개 코트,"충청남도 계룡시 엄사면 번영3길 82, 신도초등학교","족구,바둑,배구,배드민턴,탁구",월요일:13:00~22:00 화요일:13:30~22:30  수요일:13:00~22:00  목요일:13:30~22:30  금요일:13:00~22:00,1,1,1,127.2362853,36.28215807
519,2019,강원도,정선군,초등학교,화동초등학교,20190301~20191231,897.6㎥ /4개 코트,"강원도 정선군 화암면 그림바위길 66-20, 화동초등학교","족구,배드민턴",월요일:14:00~22:00 화요일:14:00~22:00  수요일:00:00~00:00  목요일:14:00~22:00  금요일:14:00~22:00  토요일:14:00~22:00  일요일:00:00~00:00,1,1,1,128.7883563,37.33816208
520,2019,경상남도,사천시,초등학교,노산초등학교,20190301~20191231,600㎥ /0개 코트,경상남도 사천시 동금로 71 (동금동),"농구,탁구",월요일:15:00~22:00 화요일:15:00~22:00  수요일:00:00~00:00  목요일:15:00~22:00  금요일:15:00~22:00,1,1,1,128.0837627,34.9300336
527,2019,전라북도,고창군,초등학교,고창남초등학교,20190416~20191231,864㎥ /4개 코트,"전라북도 고창군 고창읍 중거리당산로 111, 고창남초등학교 내","피구,농구,배구,배드민턴",월요일:19:00~22:00 화요일:19:00~22:00  수요일:19:00~22:00  목요일:19:00~22:00  금요일:19:00~22:00  토요일:09:00~12:00,1,2,0,126.6977187,35.42918943
539,2019,충청남도,서산시,중학교,서령중학교,20190301~20191231,2400㎥ /3개 코트,"충청남도 서산시 양유정1로 49, 한스빌401호 (읍내동)","배구,탁구",월요일:18:30~22:00 화요일:18:30~22:00  수요일:18:30~22:00  목요일:18:30~22:00  금요일:18:30~22:00  토요일:12:00~18:00  일요일:12:00~18:00,0,2,1,126.4486731,36.78407717
555,2019,전라북도,김제시,중학교,용지중학교,20190301~20191231,6269㎥ /4개 코트,"전라북도 김제시 용지면 황토로 702, 용지중학교","족구,배드민턴",월요일:19:00~22:00 화요일:19:00~22:00  수요일:19:00~22:00  목요일:19:00~22:00  금요일:19:00~22:00  토요일:00:00~00:00  일요일:19:00~22:00,2,2,2,126.9605038,35.85077139
564,2019,경기도,안성시,초등학교,죽산초,20190301~20191231,755㎥ /3개 코트,"경기도 안성시 죽산면 죽산초교길 43, 죽산초등학교","배드민턴,탁구",월요일:19:00~22:00 화요일:19:00~22:00  수요일:19:00~22:00  목요일:19:00~22:00  금요일:19:00~22:00  토요일:00:00~00:00  일요일:14:00~17:00,0,0,0,127.4211898,37.07847725
591,2020,경기도,가평군,초등학교,가평초등학교,20200301~20201231,4814㎥ /3개 코트,"경기도 가평군 가평읍 향교로 23, 가평초등학교",육상,월요일:14:00~17:00 화요일:14:00~17:00  수요일:14:00~17:00  목요일:14:00~17:00  금요일:14:00~17:00  토요일:00:00~00:00  일요일:00:00~00:00,1,1,1,127.5072669,37.83070509
601,2020,울산광역시,동구,초등학교,화정초등학교,20200301~20201231,2969㎥ /4개 코트,울산광역시 동구 대송9길 55 (화정동),"골프,탁구",월요일:18:00~23:00 화요일:18:00~23:00  수요일:18:00~23:00  목요일:18:00~23:00  금요일:18:00~23:00   일요일:09:00~18:00,1,1,1,129.4204,35.5017302
603,2020,광주광역시,서구,중학교,금호중학교,20200302~20201231,612㎥ /4개 코트,광주광역시 서구 금화로115번길 72 (금호동),"족구,풋살,농구,배드민턴,탁구",월요일:16:00~19:30 화요일:16:00~19:30  수요일:16:00~19:30  목요일:16:00~19:30  금요일:16:00~19:00,1,1,1,126.8612228,35.13958449
610,2020,울산광역시,울주군,초등학교,언양초등학교,20200301~20201231,711㎥ /1개 코트,울산광역시 울주군 언양읍 북문8길 8 (올리브빌),"요가,배구",월요일:19:00~22:00 화요일:19:00~22:00  수요일:19:00~22:00  목요일:19:00~22:00  금요일:19:00~22:00  토요일:19:00~22:00,1,2,1,129.1214995,35.57161017
615,2020,전라남도,무안군,초등학교,망운초등학교,20200301~20201231,623.3㎥ /3개 코트,전라남도 무안군 망운면 망운로 34,배드민턴,월요일:18:30~22:00 화요일:10:00~12:00  수요일:18:30~22:00  목요일:10:00~12:00  금요일:18:30~22:00  토요일:09:00~11:00,0,2,0,126.3937318,35.01627758
616,2020,충청남도,예산군,중학교,예산중학교,20200301~20201231,2.115㎥ /6개 코트,충청남도 예산군 예산읍 예중길 40,"기타종목,배드민턴",월요일:19:00~22:00 화요일:20:00~22:00  수요일:19:00~22:00  목요일:19:00~22:00  금요일:20:00~22:00  토요일:09:30~11:30  일요일:00:00~00:00,1,2,1,126.8337434,36.67848098
628,2020,강원도,인제군,중학교,신남중학교,20200302~20201231,11944㎥ /4개 코트,"강원도 인제군 남면 신남로 47-35, 신남중학교","기타종목,배드민턴,탁구",월요일:14:00~22:00 화요일:14:00~22:00  수요일:14:00~22:00  목요일:14:00~22:00  금요일:14:00~22:00  토요일:10:00~12:00,1,2,1,128.0794902,37.96985476
633,2020,강원도,인제군,중학교,인제중학교,20200302~20201231,1028㎥ /1개 코트,"강원도 인제군 인제읍 인제로 231, 인제중학교","기타종목,농구,배드민턴",월요일:14:00~22:00 화요일:14:00~22:00  수요일:14:00~22:00  목요일:14:00~22:00  금요일:14:00~22:00  토요일:10:00~12:00,0,2,0,128.1754181,38.07083959
643,2020,강원도,철원군,고등학교,김화공업고등학교,20200301~20201231,1077㎥ /6개 코트,"강원도 철원군 서면 와수로166번길 5-5, 2층","족구,기타종목,배드민턴",월요일:19:00~22:00 화요일:19:00~22:00  수요일:19:00~22:00  목요일:19:00~22:00  금요일:19:00~22:00  토요일:09:00~13:00  일요일:09:00~13:00,2,2,2,127.4390285,38.23862133
647,2020,충청남도,부여군,중학교,용강중학교,20200301~20201231,610㎥ /2개 코트,"충청남도 부여군 구룡면 성충로 1429, 용강중학교","족구,풋살",월요일:14:00~22:00 화요일:14:00~22:00  수요일:14:00~22:00  목요일:14:00~22:00  금요일:14:00~22:00  토요일:00:00~00:00  일요일:00:00~00:00,2,2,2,126.8083323,36.25162459
656,2020,울산광역시,울주군,초등학교,온남초등학교,20200401~20201231,2960㎥ /6개 코트,울산광역시 울주군 온양읍 화산발리로 734,"줄넘기,필라테스,기타종목",월요일:19:30~22:30 화요일:19:30~22:30  수요일:19:30~22:30  목요일:19:30~22:30  금요일:19:30~22:30  토요일:19:30~22:30  일요일:19:30~22:30,2,2,2,129.2886376,35.40595715
658,2020,전라남도,영암군,중학교,삼호중학교,20200301~20201231,769㎥ /4개 코트,"전라남도 영암군 삼호읍 방아제로 102, 삼호중학교","배구,배드민턴",월요일:17:00~22:00  수요일:17:00~22:00  목요일:17:00~22:00  금요일:17:00~22:00  토요일:13:00~21:00,0,1,0,126.4674655,34.75075323
659,2020,전라남도,영암군,초등학교,영암초등학교,20200301~20201231,601㎥ /4개 코트,"전라남도 영암군 영암읍 영암초중고길 1, 영암초등학교","배구,배드민턴",월요일:17:00~22:00  수요일:17:00~22:00  목요일:17:00~22:00  금요일:17:00~22:00  토요일:13:00~21:00,0,1,0,126.687803,34.79734224
660,2020,전라남도,영광군,초등학교,영광초등학교,20200301~20201231,1457㎥ /2개 코트,"전라남도 영광군 영광읍 중앙로 216-7, 영광초등학교","농구,배드민턴,태권도",월요일:18:00~22:00 화요일:18:00~22:00  수요일:18:00~22:00  목요일:18:00~22:00  금요일:18:00~22:00  토요일:09:00~13:00,0,2,0,126.5131739,35.2780562
666,2020,경상북도,경주시,초등학교,안강제일초등학교,20200401~20201231,1327㎥ /5대개 코트,"경상북도 경주시 안강읍 안강중앙로 189, 안강제일초등학교",탁구,월요일:10:00~18:00 화요일:10:00~18:00  수요일:10:00~18:00  목요일:10:00~18:00  금요일:10:00~18:00  토요일:10:00~15:00  일요일:00:00~00:00,1,1,1,129.2210409,35.99441641
672,2020,경상남도,거제시,중학교,신현중학교,20200301~20201231,702㎥ /1개 코트,경상남도 거제시 서문로1길 17 (고현동),탁구,월요일:10:00~22:00 화요일:10:00~22:00  수요일:10:00~22:00  목요일:10:00~22:00  금요일:10:00~22:00  토요일:12:30~17:00  일요일:00:00~00:00,0,1,1,128.6166441,34.88862284
673,2020,경기도,시흥시,초등학교,군서초등학교,20200301~20201231,842.8㎥ /3개 코트,"경기도 시흥시 정왕천로427번길 30, 30 군서초등학교(정왕동) (정왕동)","농구,배구,배드민턴",월요일:16:00~20:00 화요일:16:00~20:00  수요일:16:00~20:00  목요일:16:00~20:00  금요일:16:00~20:00  토요일:00:00~00:00  일요일:09:00~14:00,2,3,2,126.7518122,37.34736139
693,2020,전라북도,장수군,초등학교,장수계남초등학교,20200301~20201231,652.5㎥ /4개 코트,"전라북도 장수군 계남면 조곡길 1, 계남초등학교","뉴스포츠**,배드민턴",월요일:19:00~22:00 화요일:19:00~22:00  수요일:19:00~22:00  목요일:19:00~22:00  금요일:19:00~22:00   일요일:19:00~22:00,2,2,2,127.5778461,35.70217098
710,2020,전라남도,나주시,초등학교,세지초등학교,20200301~20201231,686.9㎥ /4개 코트,"전라남도 나주시 세지면 동창로 111, 0","뉴스포츠**,배드민턴",월요일:19:30~22:30 화요일:19:30~22:30  수요일:19:30~22:30  목요일:19:30~22:30  금요일:19:30~22:30  토요일:19:30~22:30,0,2,2,126.7474347,34.91939667
715,2020,전라남도,목포시,초등학교,목포북교초등학교,20200302~20201231,774.7㎥ /4개 코트,"전라남도 목포시 수문로 83, 북교초등학교 (북교동)","농구,배드민턴",월요일:18:00~22:00 화요일:17:00~18:00  수요일:18:00~22:00  목요일:17:00~18:00  금요일:18:00~22:00  토요일:13:00~18:00  일요일:00:00~00:00,1,2,1,126.3776929,34.79579781
720,2020,강원도,정선군,초등학교,화동초등학교,20200301~20201231,897.6㎥ /4개 코트,강원도 정선군 화암면 그림바위길 66-20,"족구,배드민턴,탁구",월요일:14:00~22:00 화요일:14:00~22:00  수요일:00:00~00:00  목요일:14:00~22:00  금요일:14:00~22:00  토요일:09:00~22:00  일요일:00:00~00:00,0,0,0,128.7880149,37.33868608
724,2020,충청남도,서산시,초등학교,서산초등학교,20210301~20211231,2500㎥ /3개 코트,"충청남도 서산시 중앙로 38-1, 서산초등학교 (동문동)","기타종목,배드민턴",월요일:19:00~22:00 화요일:19:00~22:00  수요일:19:00~22:00  목요일:19:00~22:00  금요일:19:00~22:00  토요일:19:00~22:00  일요일:19:00~22:00,0,2,1,126.4551702,36.78115608
726,2020,전라북도,정읍시,초등학교,정읍남초등학교,20200302~20201231,647.1㎥ /3개 코트,"전라북도 정읍시 남산5길 25, 정읍남초등학교 (시기동)","기타종목,배구,배드민턴",월요일:19:00~22:00 화요일:19:00~22:00  수요일:19:00~22:00  목요일:19:00~22:00  금요일:19:00~22:00  토요일:16:00~18:00  일요일:00:00~00:00,1,1,0,126.8491477,35.56039781
738,2020,충청남도,태안군,고등학교,태안고등학교,20200601~20201231,1058㎥ /4개 코트,"충청남도 태안군 태안읍 백화로 251, 태안고등학교","배드민턴,탁구",월요일:19:00~22:30 화요일:19:00~22:30  수요일:19:00~22:30  목요일:19:00~22:30  금요일:19:00~22:30  토요일:19:00~22:30  일요일:19:00~22:30,2,2,2,126.3178128,36.75429893
748,2020,경상남도,창녕군,중학교,남지중학교,20200301~20201231,788.5㎥ /3개 코트,"경상남도 창녕군 남지읍 낙동로 411-5, 남지중학교","요가,배드민턴",월요일:19:00~22:00 화요일:19:00~22:00   목요일:19:00~22:00  금요일:19:00~22:00  토요일:19:00~22:00,0,2,0,128.4695487,35.38819424
751,2020,전라북도,남원시,초등학교,오동초등학교,20200301~20201231,431.6㎥ /1개 코트,"전라북도 남원시 이백면 이백로 147, 오동초등학교","풋살,기타종목,배드민턴",월요일:17:00~21:00 화요일:17:00~21:00  수요일:17:00~21:00  목요일:17:00~21:00  금요일:17:00~21:00  토요일:14:00~16:00,1,2,2,127.4233385,35.42730863
753,2020,세종특별자치시,세종특별자치시,중학교,부강중학교,20200401~20201231,1.15㎥ /4개 코트,"세종특별자치시 부강면 부강로 25-7, 부강중학교","족구,배구,배드민턴",월요일:17:00~22:00 화요일:17:00~22:00  수요일:17:00~22:00  목요일:17:00~22:00  금요일:17:00~22:00  토요일:09:00~12:00,0,2,2,127.3667544,36.52823146
755,2021,세종특별자치시,세종특별자치시,고등학교,두루고등학교,20210401~20211225,4955㎥ /2개 코트,세종특별자치시 마음안1로 53(고운동),기타종목,월요일:07:00~20:00 화요일:07:00~20:00  수요일:07:00~20:00  목요일:07:00~20:00  금요일:07:00~20:00,1,1,1,127.2273942,36.51626999
758,2021,전라북도,군산시,초등학교,군산동초(오성문화센터),20210301~20211231,642㎥ /3개 코트,전라북도 군산시 성산면 송호로 217,탁구,화요일:13:00~17:00  수요일:13:00~17:00  목요일:13:00~17:00  금요일:13:00~17:00  토요일:08:30~12:30,1,2,0,126.7852892,35.98899079
759,2021,전라북도,김제시,초등학교,부용초등학교,20210112~20211231,712㎥ /3개 코트,"전라북도 김제시 백구면 황토로 1030, 1층","배구,배드민턴",월요일:19:00~22:00 화요일:19:00~22:00  수요일:19:00~22:00  목요일:19:00~22:00  금요일:19:00~22:00  토요일:10:00~13:00  일요일:00:00~00:00,1,1,1,126.9519298,35.87662209
773,2021,전라남도,무안군,초등학교,망운초등학교,20210308~20211231,623.3㎥ /3개 코트,"전라남도 무안군 삼향읍 남악4로82번길 31, 103동308호 (근화베아채)",배드민턴,월요일:18:30~22:00 화요일:10:00~12:00  수요일:18:30~22:00  목요일:10:00~12:00  금요일:18:30~22:00  토요일:09:00~11:00,1,2,1,126.4698052,34.81262632
777,2021,대전광역시,서구,초등학교,대전변동초등학교,20210401~20211231,1071㎥ /4개 코트,대전광역시 서구 유등로 373(변동),"줄넘기,피구,배드민턴",월요일:09:00~22:00 화요일:13:00~22:00  수요일:15:00~22:00  목요일:15:00~22:00  금요일:15:00~22:00,0,2,0,127.3858307,36.32487784
778,2021,대전광역시,서구,중학교,대전관저중학교,20210401~20211231,4262㎥ /1개 코트,"대전광역시 서구 관저동로 143, 대전관저중학교(관저동)",배드민턴,월요일:15:00~22:00 화요일:15:00~22:00  수요일:15:00~22:00  목요일:15:00~22:00  금요일:15:00~22:00  토요일:09:00~14:00,0,2,0,127.3393813,36.30557206
780,2021,전라남도,강진군,초등학교,제1체육관,20210401~20211130,6502㎥ /8개 코트,"전라남도 강진군 군동면 종합운동장길 60, 전남 강진군 군동면 종합운동장길 60","배드민턴,체조",토요일:18:00~22:00,0,0,0,126.781307,34.64527283
787,2021,대전광역시,중구,중학교,충남여자중학교,20210401~20211231,891.4㎥ /6개 코트,대전광역시 중구 동서대로 1368(목동),"배구,탁구,테니스",월요일:14:00~22:00 화요일:14:00~22:00  수요일:14:00~22:00  목요일:14:00~22:00  금요일:14:00~22:00  토요일:09:00~12:00,2,2,0,127.411631,36.33163973
788,2021,대전광역시,중구,고등학교,대전고등학교,20210401~20211231,1220㎥ /2개 코트,"대전광역시 중구 대흥로 110, 대전고등학교(대흥동)",농구,월요일:15:00~22:00 화요일:15:00~22:00  수요일:15:00~22:00  목요일:15:00~22:00  금요일:15:00~22:00  토요일:09:00~14:00,0,0,0,127.423386,36.32243054
789,2021,대전광역시,서구,초등학교,대전서부초등학교,20210401~20211231,819.7㎥ /3개 코트,대전광역시 서구 동서대로 968(변동),"기타종목,배드민턴",월요일:10:00~22:00 화요일:14:00~22:00  수요일:14:00~22:00  목요일:14:00~22:00  금요일:14:00~22:00,2,2,0,127.3692214,36.33353655
794,2021,대전광역시,중구,초등학교,대전오류초등학교,20210401~20211231,800㎥ /2개 코트,"대전광역시 중구 오류로 46, 대전오류초등학교(오류동)","뉴스포츠**,줄넘기,배드민턴",월요일:09:00~20:00 화요일:14:00~20:00  수요일:14:00~20:00  목요일:14:00~20:00  금요일:14:00~20:00  토요일:09:00~14:00,2,2,2,127.4051451,36.32496974
799,2021,경기도,고양시,초등학교,백양초등학교,20210401~20211231,500㎥ /3개 코트,"경기도 고양시 덕양구 화신로 238, 백양초등학교 체육관 (화정동)","농구,배드민턴",월요일:16:30~21:00 화요일:16:30~21:00   목요일:16:30~21:00  금요일:16:30~21:00   일요일:10:00~18:00,0,1,0,126.836166,37.63225803
800,2021,경기도,고양시,중학교,한수중학교,20210401~20211231,998㎥ /4개 코트,"경기도 고양시 일산서구 주엽로 117, 한수중학교 체육관 (주엽동)","배구,배드민턴",월요일:18:00~19:30  수요일:18:00~20:00  목요일:16:30~19:30  금요일:16:30~19:30   일요일:12:00~18:00,0,1,0,126.7561898,37.66990116
804,2021,경상북도,경산시,초등학교,정평초등학교,20210301~20211231,1159㎥ /5개 코트,"경상북도 경산시 대학로16길 15, 강당 (정평동)","배구,배드민턴",월요일:18:00~22:00 화요일:18:00~22:00  수요일:18:00~22:00  목요일:18:00~22:00  금요일:18:00~22:00  토요일:17:30~21:30,0,2,0,128.7310588,35.83320452
805,2021,충청남도,태안군,고등학교,태안고등학교,20210401~20211231,1.058㎥ /6개 코트,"충청남도 태안군 태안읍 평천길 217, 태안군종합운동장","배드민턴,탁구",월요일:19:00~22:00 화요일:19:00~22:00  수요일:19:00~22:00  목요일:19:00~22:00  금요일:19:00~22:00  토요일:19:00~22:00  일요일:19:00~22:00,2,2,2,126.3310338,36.7376524
812,2021,경상남도,하동군,고등학교,하동여자고등학교,20210301~20211231,"935,1㎥ /5개 코트",경상남도 하동군 하동읍 송림1길 30,"배구,체조",월요일:16:00~20:00 화요일:16:00~20:00  수요일:16:00~20:00  목요일:16:00~20:00  금요일:16:00~20:00  토요일:16:00~20:00,1,2,1,127.7472287,35.06279341
814,2021,전라남도,목포시,초등학교,목포국제축구센터(삼학),20210301~20211231,158.4㎥ /6개 코트,"전라남도 목포시 내화마을길 89, 다목적체육관 (대양동)","배구,배드민턴",월요일:14:00~17:00 화요일:14:00~18:00  수요일:14:00~17:00  목요일:14:00~18:00  금요일:14:00~17:00  토요일:13:00~16:00,1,2,1,126.3958007,34.82870032
844,2021,강원도,인제군,초등학교,인제남초등학교,20210412~20211231,1200㎥ /1개 코트,"강원도 인제군 인제읍 인제로156번길 34, 인제남초등학교","배드민턴,테니스",월요일:14:00~22:00 화요일:14:00~22:00  수요일:14:00~22:00  목요일:14:00~22:00  금요일:14:00~22:00  토요일:10:00~12:00,0,1,0,128.1706152,38.06409656
850,2021,대전광역시,중구,초등학교,대전동문초등학교,20210401~20211231,2.754㎥ /8개 코트,대전광역시 중구 문화로 200(문화동),"풋살,줄넘기,피구,탁구",월요일:12:00~20:00 화요일:12:00~20:00  수요일:12:00~20:00  목요일:12:00~20:00  금요일:12:00~20:00  토요일:10:00~17:00  일요일:00:00~00:00,0,4,0,127.4061915,36.31425478
853,2021,대전광역시,중구,고등학교,대전동산고등학교,20210401~20211231,1.532㎥ /16개 코트,대전광역시 중구 문화로 183(문화동),탁구,월요일:13:00~21:00 화요일:13:00~21:00  수요일:13:00~21:00  목요일:13:00~21:00  금요일:13:00~21:00,0,0,0,127.4044918,36.31611842
854,2021,대전광역시,서구,중학교,대전서중학교,20210401~20211231,1185㎥ /1개 코트,"대전광역시 서구 동서대로997번길 57, 대전서중학교(괴정동)",기타종목,월요일:10:00~18:00 화요일:15:00~20:00  수요일:15:00~21:30  목요일:15:00~21:30  금요일:15:00~21:30  토요일:09:00~20:00,1,1,0,127.374561,36.3364274
855,2021,경상북도,성주군,초등학교,아주s&t(장기초),20210401~20211231,0㎥ /2개 코트,"경상북도 성주군 성주읍 성주산업단지로 72, 아주st",기타종목,월요일:00:00~00:00 화요일:00:00~00:00  수요일:00:00~    토요일:13:00~19:00  일요일:10:00~16:00,0,0,0,128.2904535,35.93455309
856,2021,전라남도,광양시,초등학교,광양서초등학교(광양시체육회 대체체육시설),20210601~20211231,132.8㎥ /3개 코트,전라남도 광양시 광양읍 서천변로 111,"족구,배구,탁구",월요일:15:30~22:00 화요일:15:30~22:00  수요일:15:30~22:00  목요일:15:30~22:00  금요일:15:30~22:00  토요일:13:00~17:00,1,1,1,127.5734949,34.97437063
857,2021,전라남도,광양시,초등학교,광양마로초등학교(중등근린공원 대체시설),20210601~20211231,88004㎥ /11개 코트,"전라남도 광양시 광장로 37, 중동근린공원 (중동)","풋살,피구,배구,배드민턴",월요일:15:30~22:00 화요일:15:30~22:00  수요일:15:30~22:00  목요일:15:30~22:00  금요일:15:30~22:00  토요일:13:00~17:00,1,2,1,127.6914483,34.93546618
858,2021,전라남도,광양시,중학교,광양중학교(국민체육센터 대체시설),20210601~20211231,2275㎥ /4개 코트,"전라남도 광양시 봉강면 매천로 695-9, 국민체육센터","농구,배구,배드민턴",월요일:15:00~21:30 화요일:15:00~21:30  수요일:15:00~21:30  목요일:15:00~21:30  금요일:15:00~21:30  토요일:13:00~17:00,1,2,1,127.5737443,34.98237606
861,2021,충청남도,예산군,초등학교,신례원초등학교,20210701~20211231,10000㎥ /8개 코트,"충청남도 예산군 예산읍 신례원로 179, 1","배드민턴,탁구",월요일:13:00~21:00 화요일:13:00~21:00  수요일:13:00~21:00  목요일:13:00~21:00  금요일:13:00~21:00,2,2,2,126.8429758,36.7253367
866,2021,경상남도,양산시,초등학교,어곡초등학교,20210301~20211231,123㎥ /1개 코트,"경상남도 양산시 두전길 30-19, 어곡초등학교(어곡동)",인라인스케이트,월요일:17:00~20:00 화요일:17:00~20:00  수요일:17:00~20:00  목요일:17:00~20:00  금요일:17:00~20:00  토요일:08:00~11:00,0,1,1,129.0290882,35.38042314
868,2021,경상남도,진주시,중학교,진주중학교,20210324~20211231,430㎥ /1개 코트,"경상남도 진주시 의곡길 15, 진주중학교(상봉동)","기타종목,웨이트트레이닝",월요일:17:30~22:00 화요일:17:30~22:00  수요일:17:30~22:00  목요일:17:30~22:00  금요일:17:30~22:00  토요일:10:00~14:00,0,1,1,128.0805137,35.1995329
891,2022,제주특별자치도,서귀포시,중학교,서귀포여자중학교,20220613~20221231,2000㎥ /1개 코트,"제주특별자치도 서귀포시 일주동로 8820, 서귀포여자중학교(서홍동)","줄넘기,댄스스포츠",월요일:19:30~22:00 화요일:18:30~22:00  수요일:19:30~22:00  목요일:18:30~22:00  금요일:19:30~22:00  토요일:00:00~00:00  일요일:14:00~17:30,0,1,0,126.5465121,33.25584018
897,2022,대전광역시,서구,고등학교,대전제일고등학교,20220412~20221231,244.5㎥ /10개 코트,대전광역시 서구 배재로46번길 77(도마동),기타종목,월요일:13:00~21:00 화요일:13:00~21:00  수요일:13:00~21:00  목요일:13:00~21:00  금요일:13:00~21:00  토요일:18:00~21:00,0,0,1,127.3723589,36.31337428
898,2022,서울특별시,영등포구,중학교,신길중학교,20220101~20221231,840㎥ /4개 코트,서울특별시 영등포구 신길로28길 43(신길동),"풋살,농구,탁구",월요일:18:00~21:00 화요일:18:00~20:00  수요일:18:00~21:00  목요일:18:00~20:00  금요일:18:00~21:00,0,1,0,126.9154355,37.50203454
904,2022,경상북도,상주시,초등학교,모서초등학교,20220301~20221231,1037㎥ /3개 코트,"경상북도 상주시 모서면 백화로 1387, 모서초등학교",배드민턴,월요일:17:00~22:00 화요일:17:00~22:00  수요일:17:00~22:00  목요일:17:00~22:00  금요일:17:00~22:00  토요일:16:00~22:00,0,0,0,127.9610605,36.34306815
914,2022,경상남도,양산시,초등학교,백동초등학교,20220401~20221231,1852㎥ /4개 코트,"경상남도 양산시 백동길 19-24, 백동초등학교(소주동)",배드민턴,월요일:13:00~19:00 화요일:13:00~19:00  수요일:13:00~19:00  목요일:13:00~19:00  금요일:13:00~19:00  토요일:09:00~19:00  일요일:00:00~00:00,0,1,0,129.1534147,35.40557001
919,2022,강원도,속초시,중학교,청초생활체육관,20220101~20221231,1298㎥ /6개 코트,"강원도 속초시 동해대로 4229, 청초생활체육관(교동)","족구,에어로빅,농구,배드민턴,체조,탁구",월요일:05:00~22:00 화요일:05:00~22:00  수요일:05:00~22:00  목요일:05:00~22:00  금요일:05:00~23:00  토요일:05:00~22:00  일요일:05:00~22:00,2,2,2,128.5770383,38.196627
920,2022,강원도,속초시,중학교,속초시체육회 체조체육관,20220101~20221231,198㎥ /1개 코트,"강원도 속초시 엑스포로 174, 2층(교동)","요가,에어로빅,필라테스,체조",월요일:09:00~15:30 화요일:09:00~15:30  수요일:09:00~15:30  목요일:09:00~15:30  금요일:09:00~15:30,1,1,0,128.5812422,38.19902274
923,2022,충청북도,충주시,초등학교,금가초등학교,20220301~20221231,993㎥ /3개 코트,"충청북도 충주시 금가면 가마골길 16, 금가초등학교","배구,배드민턴",월요일:19:00~22:00 화요일:19:00~22:00  수요일:19:00~22:00  목요일:19:00~22:00  금요일:19:00~22:00,0,0,0,127.9225068,37.0442277
925,2022,충청남도,서산시,중학교,해미중학교,20220307~20221231,7500㎥ /1개 코트,충청남도 서산시 해미면 남문2로 93,기타종목,월요일:19:00~22:00 화요일:19:00~22:00  수요일:19:00~22:00  목요일:19:00~22:00  금요일:19:00~22:00  토요일:14:00~18:00  일요일:14:00~18:00,0,2,0,126.5444134,36.71515062
926,2022,전라남도,곡성군,초등학교,옥과초등학교,20220601~20221231,1518㎥ /5개 코트,"전라남도 곡성군 옥과면 대학로 213, 옥과 초등학교",배드민턴,월요일:18:00~22:00 화요일:18:00~22:00   목요일:18:00~22:00  금요일:18:00~22:00  토요일:18:00~22:00,1,1,1,127.1435329,35.27758847
927,2022,경기도,여주시,초등학교,가남초등학교,20220601~20221231,796㎥ /4개 코트,"경기도 여주시 가남읍 태평4길 2, 가남초등학교",배드민턴,월요일:19:00~22:00 화요일:19:00~22:00  수요일:19:00~22:00  목요일:19:00~22:00  금요일:19:00~22:00,2,2,0,127.5475999,37.20528811
929,2022,전라북도,완주군,초등학교,삼례중앙초등학교,20220301~20221231,157㎥ /2개 코트,"전라북도 완주군 삼례읍 웃삼례길 17-10, 삼례중앙초등학교",육상,월요일:09:00~20:00 화요일:09:00~20:00  수요일:09:00~20:00  목요일:09:00~20:00  금요일:09:00~20:00  토요일:13:00~18:00  일요일:13:00~18:00,1,1,1,127.0815047,35.91953595
931,2022,전라북도,남원시,고등학교,남원성원고등학교,20220301~20221231,1031㎥ /1개 코트,"전라북도 남원시 대복사길 41, 성원고등학교(왕정동)","줄넘기,기타종목,배드민턴",월요일:18:00~21:00 화요일:18:00~21:00  수요일:18:00~21:00  목요일:18:00~21:00  금요일:18:00~21:00  토요일:09:00~12:00,1,1,1,127.3701054,35.41521176
936,2022,전라북도,군산시,초등학교,군산동초,20220301~20221231,674㎥ /10개 코트,"전라북도 군산시 경포천로 153, 2층(경장동)(경장동)",탁구,월요일:18:00~22:00 화요일:18:00~22:00  수요일:18:00~22:00  목요일:18:00~22:00  금요일:18:00~22:00  토요일:13:00~18:00,2,2,2,126.7267696,35.97252486
938,2022,대전광역시,서구,초등학교,대전둔원초등학교,20220412~20221231,870㎥ /1개 코트,"대전광역시 서구 대덕대로112번길 10, 대전둔원초등학교(갈마동)","배구,배드민턴,씨름",월요일:13:30~21:30 화요일:13:30~21:30  수요일:13:30~21:30  목요일:13:30~21:30  금요일:13:30~21:30,2,1,2,127.3749799,36.34309047
940,2022,전라북도,남원시,초등학교,남원인월초등학교,20220301~20221231,760.2㎥ /1개 코트,"전라북도 남원시 인월면 인월1길 55, 인월초등학교","족구,풋살,배드민턴",월요일:18:00~21:00 화요일:18:00~21:00  수요일:18:00~21:00  목요일:18:00~21:00  금요일:18:00~21:00  토요일:09:00~12:00,1,1,1,127.6018315,35.46409032
942,2022,대전광역시,중구,중학교,대전대성중학교,20220412~20221231,138.2㎥ /1개 코트,대전광역시 중구 목동로 24(목동),기타종목,월요일:13:00~21:00 화요일:13:00~21:00  수요일:13:00~21:00  목요일:13:00~21:00  금요일:13:00~21:00,1,1,1,127.4085077,36.33332194
943,2022,서울특별시,강서구,초등학교,테스트,20221026~20221026,100㎥ /1개 코트,"서울특별시 강서구 마곡중앙2로 35, ㄴㅇㄹㄴㅁㅇㄹㄴㅁㄹ(마곡동)",농구,,0,0,0,126.8306618,37.55796503
945,2022,대전광역시,유성구,중학교,대전지족중학교,20220412~20221231,712.5㎥ /1개 코트,대전광역시 유성구 노은동로 193(지족동),"풋살,농구",월요일:12:00~20:00 화요일:12:00~20:00  수요일:12:00~20:00  목요일:12:00~20:00  금요일:12:00~20:00  토요일:10:00~12:00,0,1,0,127.3210201,36.37784471
947,2022,대전광역시,서구,초등학교,대전내동초등학교,20220412~20221231,918.3㎥ /4개 코트,대전광역시 서구 동서대로1063번길 13(내동),"피구,배구,배드민턴",월요일:14:00~22:00 화요일:14:00~22:00  수요일:14:00~22:00  목요일:14:00~22:00  금요일:14:00~22:00,1,2,2,127.3790882,36.33110501
949,2022,충청북도,제천시,초등학교,제천화산초등학교(제천공공스포츠클럽),20220601~20221231,10000㎥ /1개 코트,"충청북도 제천시 봉양읍 팔송로 77, 봉양건강축구캠프장",풋살,화요일:16:00~19:00  수요일:16:00~19:00  목요일:16:00~19:00  금요일:16:00~19:00  토요일:10:00~12:00,1,1,1,128.1127024,37.13790773
956,2022,전라남도,신안군,고등학교,신안해양과학고등학교,20220301~20221231,178.7㎥ /4개 코트,"전라남도 신안군 압해읍 구항길 41, 신안해양과학고등학교",배드민턴,월요일:15:00~18:00 화요일:15:00~18:00  수요일:15:00~18:00  목요일:15:00~18:00  금요일:15:00~18:00  토요일:15:00~18:00,2,2,0,126.3145296,34.86192398
960,2022,강원도,속초시,중학교,설악중학교,20220301~20221231,1152㎥ /4개 코트,"강원도 속초시 미시령로 3402, 설악중학교(교동)",족구,월요일:21:00~23:00 화요일:21:00~23:00   목요일:21:00~23:00  금요일:21:00~23:00,1,2,1,128.5790115,38.20550487
967,2022,강원도,양구군,초등학교,죽리초등학교,20220601~20221231,517.6㎥ /2개 코트,"강원도 양구군 국토정중앙면 춘양로 2726, 죽리초등학교",배드민턴,월요일:18:00~22:00 화요일:18:00~22:00  수요일:18:00~22:00  목요일:18:00~22:00  금요일:18:00~22:00  토요일:13:00~17:00,0,1,0,127.993796,38.07012934
973,2022,대전광역시,동구,중학교,한밭여자중학교,20220412~20221231,576㎥ /3개 코트,대전광역시 동구 동대전로110번길 74-57(대동),기타종목,월요일:15:00~22:00 화요일:15:00~22:00  수요일:15:00~22:00  목요일:15:00~22:00  금요일:15:00~22:00  토요일:09:00~14:00,0,1,0,127.4488209,36.33016869
975,2022,충청남도,계룡시,초등학교,엄사초등학교,20220301~20221231,660㎥ /2개 코트,"충청남도 계룡시 엄사면 번영3길 30, 엄사초등학교","요가,댄스스포츠,배구",월요일:12:00~21:00 화요일:13:00~21:00  수요일:13:00~21:00  목요일:13:00~21:00  금요일:13:00~21:00  토요일:09:00~12:00,0,1,0,127.2371178,36.28670057
978,2022,대전광역시,동구,고등학교,명석고등학교,20220412~20221231,42.68㎥ /2개 코트,대전광역시 동구 우암로 380(가양동),기타종목,월요일:14:00~22:00 화요일:14:00~22:00  수요일:14:00~22:00  목요일:14:00~22:00  금요일:14:00~22:00  토요일:00:00~00:00  일요일:00:00~00:00,1,1,0,127.4542453,36.35298746
980,2022,경기도,부천시,초등학교,심곡초등학교,20221001~20221231,1083㎥ /4개 코트,경기도 부천시 장말로 309(심곡동),배드민턴,월요일:18:00~22:00 화요일:18:00~22:00  수요일:18:00~22:00  목요일:18:00~22:00  금요일:18:00~22:00  토요일:00:00~00:00  일요일:10:00~18:00,0,2,2,126.7769425,37.49185423
981,2022,대전광역시,동구,초등학교,은어송초등학교,20220412~20221231,870㎥ /1개 코트,"대전광역시 동구 대전로 396, 은어송초등학교(대성동)","기타종목,농구",월요일:14:00~22:00 화요일:14:00~22:00  수요일:14:00~22:00  목요일:14:00~22:00  금요일:14:00~22:00  토요일:00:00~00:00  일요일:00:00~00:00,1,2,1,127.4568262,36.30255035
982,2022,대전광역시,중구,초등학교,대전석교초등학교,20220412~20221224,642.4㎥ /1개 코트,대전광역시 중구 대종로204번길 12(석교동),배구,월요일:14:00~22:00 화요일:14:00~22:00  수요일:14:00~22:00  목요일:14:00~22:00  금요일:14:00~22:00,1,1,0,127.4461871,36.30864925
983,2022,전라남도,진도군,고등학교,진도고등학교,20221001~20221231,16279㎥ /1개 코트,전라남도 진도군 진도읍 동외4길 117-5,배구,,0,2,2,126.2767812,34.4882597
984,2022,전라남도,영암군,초등학교,대불초등학교,20220929~20221231,1470㎥ /4개 코트,"전라남도 영암군 삼호읍 대불주거6로 41, 대불초등학교","기타종목,배드민턴",월요일:17:00~22:00  수요일:17:00~22:00  목요일:17:00~22:00  금요일:17:00~22:00  토요일:13:00~21:00,0,1,0,126.4606424,34.75709137
986,2022,대전광역시,유성구,중학교,송강중학교,20220412~20221231,758㎥ /4개 코트,대전광역시 유성구 와룡로 122(송강동),배드민턴,월요일:14:00~22:00 화요일:14:00~22:00  수요일:14:00~22:00  목요일:14:00~22:00  금요일:14:00~22:00  토요일:10:00~14:00,0,1,0,127.38147,36.43781613
1001,2022,전라남도,나주시,초등학교,나주초등학교,20220301~20221231,928㎥ /4개 코트,"전라남도 나주시 남외1길 16, 나주초등학교(남외동)","뉴스포츠**,배드민턴",월요일:19:00~22:30 화요일:19:00~22:30  수요일:19:00~22:30  목요일:19:00~22:30  금요일:19:00~22:30  토요일:19:00~22:30  일요일:00:00~00:00,0,0,0,126.7189413,35.02780383
1003,2022,전라남도,나주시,초등학교,영강초등학교,20220301~20221231,680㎥ /4개 코트,"전라남도 나주시 영강길 14, 영강초등학교(삼영동)","에어로빅,배드민턴",월요일:19:00~22:30 화요일:19:00~22:30  수요일:19:00~22:30  목요일:19:00~22:30  금요일:19:00~22:30  토요일:19:00~22:30  일요일:00:00~00:00,0,0,0,126.7125397,35.00697423
1006,2023,전라남도,금영로,초등학교,금천초등학교,20230301~20231231,698㎥ /3개 코트,금천면 금영로 960,"뉴스포츠**,배드민턴",월요일:19:00~22:30 화요일:19:00~22:30  수요일:19:00~22:30  목요일:19:00~22:30  금요일:19:00~22:30  토요일:19:00~22:30,2,2,2,126.7546329,35.03431139
1007,2023,전라남도,134,초등학교,한아름초등학교,20230301~20231231,1034㎥ /4개 코트,호수로 134,"뉴스포츠**,배드민턴",월요일:19:00~22:30 화요일:19:00~22:30  수요일:19:00~22:30  목요일:19:00~22:30  금요일:19:00~22:30  토요일:19:00~22:30,2,2,2,127.074617,37.34871188
1009,2023,전라남도,10,중학교,나주중학교,20230301~20231231,1478㎥ /4개 코트,남산길 10,"뉴스포츠**,배드민턴",월요일:19:00~22:30 화요일:19:00~22:30  수요일:19:00~22:30  목요일:19:00~22:30  금요일:19:00~22:30  토요일:19:00~22:30,2,2,2,126.4837714,37.74625724
1011,2023,대전광역시,서구,초등학교,대전느리울초등학교,20230301~20231231,874㎥ /3개 코트,대전 서구 관저로 196,"배드민턴,탁구",월요일:14:00~22:00 화요일:14:00~22:00   목요일:14:00~22:00  금요일:14:00~22:00  토요일:10:00~18:00,1,2,2,127.3442116,36.29886039
1018,2023,대전광역시,11번길,중학교,대전둔원중학교,20230301~20231231,705㎥ /3개 코트,괴정로 11번길 73 (둔원중학교),"뉴스포츠**,피구,기타종목,농구,배구,배드민턴",월요일:14:00~21:00 화요일:14:00~21:00  수요일:14:00~21:00  목요일:14:00~21:00  금요일:14:00~21:00  토요일:09:00~14:00,0,1,0,127.3763589,36.34264087
1032,2023,전라남도,40,초등학교,광양용강초등학교,20230301~20231231,0㎥ /0개 코트,용강1길 40,배드민턴,월요일:14:00~22:00 화요일:14:00~22:00  수요일:14:00~22:00  목요일:14:00~22:00  금요일:14:00~22:00  토요일:08:30~13:30  일요일:00:00~00:00,0,0,0,126.9744533,35.90460713
1034,2023,전라남도,무안군,중학교,무안중학교,20230301~20231231,1874㎥ /4개 코트,"전라남도 무안군 일로읍 죽사동길 15-5, 체육관",배드민턴,화요일:14:00~21:30  수요일:14:00~16:00  목요일:14:00~21:30  금요일:18:00~21:30,0,2,0,126.4938789,34.85486278
1036,2023,전라북도,남원시,중학교,남원중학교,20230301~20231231,200㎥ /2개 코트,전라북도 남원시 만인로 41-51,"족구,배드민턴",월요일:19:00~22:00 화요일:19:00~22:00  수요일:19:00~22:00  목요일:19:00~22:00  금요일:19:00~22:00  토요일:09:00~12:00  일요일:00:00~00:00,0,0,0,127.3794518,35.42133278
1038,2023,전라북도,신림면,초등학교,신림초등학교,20230301~20231231,346.5㎥ /1개 코트,고창군 신림면 동법지길 61,"요가,기타종목",월요일:19:00~22:00 화요일:19:00~22:00  수요일:19:00~22:00  목요일:19:00~22:00  금요일:19:00~22:00  토요일:13:00~17:00,0,1,0,126.7002385,35.4942478
1039,2023,전라북도,심원면,초등학교,심원초등학교,20230301~20231231,275㎥ /1개 코트,고창군 심원면 심원로 229,"요가,기타종목,댄스스포츠,배드민턴",월요일:19:00~22:00 화요일:19:00~22:00  수요일:19:00~22:00  목요일:19:00~22:00  금요일:19:00~22:00  토요일:13:00~17:00,0,1,0,126.5523871,35.52570839
1042,2023,전라북도,,초등학교,중앙초등학교,20230301~20231231,789.0㎥ /1개 코트,전북진안군진안읍학천변길37-6,"뉴스포츠**,기타종목,배구,배드민턴",월요일:18:30~21:30 화요일:18:30~21:30  수요일:18:00~21:30  목요일:18:30~21:00  금요일:18:30~21:30  토요일:00:00~00:00  일요일:00:00~00:00,0,1,1,127.4366666,35.79572133
1047,2023,대전광역시,중구,초등학교,대흥초등학교,20230320~20231231,1173㎥ /4개 코트,대전광역시 중구 수도산로 12,"배구,펜싱",월요일:17:00~21:00 화요일:17:00~21:30  수요일:17:00~21:00  목요일:17:00~21:00  금요일:17:00~21:00  토요일:09:00~15:00  일요일:00:00~00:00,1,2,5,127.4259191,36.31972395
1051,2023,대전광역시,유성구,초등학교,대전 송강초등학교,20230320~20231231,1137㎥ /1개 코트,대전시 유성구 송강로 42번길 6,농구,월요일:14:00~22:00 화요일:14:00~22:00  수요일:14:00~22:00  목요일:14:00~22:00  금요일:14:00~22:00  토요일:00:00~00:00,0,1,0,127.3835258,36.4338419
1053,2023,경상북도,경주시,고등학교,근화여자고등학교,20230801~20231231,947㎥ /12개 코트,경상북도 경주시 승삼2길 55,탁구,월요일:09:00~18:00 화요일:13:00~22:00   목요일:13:00~22:00  금요일:13:00~22:00  토요일:14:00~18:00  일요일:14:00~18:00,1,1,1,129.2273172,35.87058466
1054,2023,경상남도,170,초등학교,거제양지초등학교,20230801~20231231,465㎥ /1개 코트,장평1로 170 양지초등학,"풋살,기타종목",월요일:08:00~18:00 화요일:08:00~18:00  수요일:08:00~18:00  목요일:08:00~18:00  금요일:08:00~18:00  토요일:09:00~13:00  일요일:09:00~13:00,0,1,1,128.6023508,34.8912453
1058,2023,전라북도,181,초등학교,군산동초등학교,20230301~20231231,905㎥ /10개 코트,번영로 181,탁구,월요일:18:00~22:00 화요일:18:00~22:00  수요일:18:00~22:00  목요일:18:00~22:00  금요일:18:00~22:00  토요일:13:00~18:00,1,1,1,126.7412762,37.32503674
1062,2023,경상북도,성주군,초등학교,성주초등학교,20230401~20231231,972㎥ /2개 코트,경상북도 성주군 성주읍4길 9,"배드민턴,탁구",월요일:18:00~22:00 화요일:18:00~22:00  수요일:18:00~22:00  목요일:18:00~22:00  금요일:18:00~22:00  토요일:10:00~12:00,0,0,0,128.2847469,35.91945837
1064,2023,충청남도,서산,초등학교,서산초등학교,20230301~20231231,1007㎥ /5개 코트,안견로661 서산 시민체육관 내,"배구,배드민턴",월요일:19:00~22:00 화요일:19:00~22:00  수요일:19:00~22:00  목요일:19:00~22:00  금요일:19:00~22:00  토요일:19:00~22:00  일요일:19:00~22:00,0,2,0,126.4355109,36.79844451
1068,2023,대전광역시,대덕구,중학교,대전매봉중학교,20230301~20231231,3844㎥ /4개 코트,대전광역시 대덕구 선비마을로 165,"풋살,배드민턴,펜싱",월요일:14:00~21:00 화요일:15:00~21:00  수요일:14:00~21:30  목요일:14:00~21:00  금요일:15:00~20:30  토요일:09:00~16:00,2,2,2,127.4361517,36.36927451
1069,2023,대전광역시,,고등학교,대전동산고등학교,20230302~20231231,1101㎥ /11개 코트,문화로183,탁구,월요일:13:00~21:00 화요일:13:00~21:00  수요일:13:00~21:00  목요일:13:00~21:00  금요일:13:00~21:00  토요일:13:00~18:00,1,2,1,126.6640252,36.60379184
1071,2023,대전광역시,중구,초등학교,대전대신초등학교,20230301~20231231,310㎥ /3개 코트,대전광역시 중구 솔밭로16번길 17,"배구,배드민턴",월요일:10:00~22:00 화요일:13:00~21:00  수요일:14:00~22:00  목요일:14:00~22:00  금요일:14:00~22:00,0,1,0,127.4209326,36.31562837
1080,2023,전라북도,남원시,중학교,인월중학교,20230301~20231231,200㎥ /2개 코트,전라북도 남원시 인월면 인월장터로 48,기타종목,월요일:13:00~22:00 화요일:13:00~22:00  수요일:13:00~22:00  목요일:13:00~22:00  금요일:13:00~22:00  토요일:09:00~13:00  일요일:00:00~00:00,0,0,0,127.6027246,35.46495661
1085,2023,경상남도,창녕군,중학교,남지여자중학교,20230301~20231231,1778㎥ /4개 코트,"경상남도 창녕군 남지읍 낙동로 403-14, 남지여자중학교","요가,배드민턴",월요일:18:00~22:00 화요일:18:00~22:00   목요일:18:00~22:00   토요일:18:00~22:00  일요일:18:00~22:00,1,2,1,128.4686297,35.38824553
1089,2023,대전광역시,동구,고등학교,대전보문고등학교,20230320~20231231,2500㎥ /1개 코트,대전광역시 동구 우암로 57,"농구,배드민턴,탁구",월요일:14:00~22:00 화요일:14:00~22:00  수요일:14:00~22:00  목요일:14:00~22:00  금요일:14:00~22:00  토요일:00:00~00:00  일요일:00:00~00:00,0,0,0,127.4241257,36.33697696
1091,2023,대전광역시,대덕구,중학교,대전경덕중학교,20230320~20231231,3.06㎥ /6개 코트,"대전광역시 대덕구 동산초교로63번길 12 (오정동, 경덕중학교)",펜싱,월요일:13:30~21:30 화요일:13:30~21:30  수요일:13:30~21:30  목요일:13:30~21:30  금요일:13:30~21:30  토요일:09:00~12:00,1,1,1,127.4230626,36.3498313
1093,2023,경상북도,영주시,초등학교,동부초,20230301~20231231,1064㎥ /4개 코트,"경상북도 영주시 남간로25번길 46, 동부초(휴천동)",배드민턴,월요일:18:00~22:00 화요일:18:00~22:00  수요일:18:00~22:00  목요일:18:00~22:00  금요일:18:00~22:00  토요일:09:00~13:00,0,2,1,128.631397,36.82123423
1094,2023,전라남도,강진군,고등학교,병영상업고등학교,20230301~20231231,907㎥ /4개 코트,전라남도 강진군 병영면 하멜로 372,"배드민턴,체조",월요일:18:00~22:00 화요일:18:00~22:00  수요일:18:00~22:00  목요일:18:00~22:00  금요일:18:00~22:00  토요일:18:00~22:00,0,2,0,126.8136053,34.71314245
1096,2023,경상북도,영주시,초등학교,서부초,20230301~20231231,995㎥ /3개 코트,"경상북도 영주시 신재로 12, 서부초(가흥동)",배드민턴,월요일:18:00~22:00 화요일:18:00~22:00  수요일:18:00~22:00  목요일:18:00~22:00  금요일:18:00~22:00  토요일:09:00~13:00,0,2,0,128.6122128,36.8320289
1104,2023,전라남도,노안로,초등학교,노안초등학교,20230301~20231231,264㎥ /2개 코트,노안면 노안로 165,"뉴스포츠**,배드민턴",월요일:10:00~15:00 화요일:10:00~15:00  수요일:10:00~15:00  목요일:10:00~15:00  금요일:10:00~15:00  토요일:12:00~15:00,0,1,1,126.7183105,35.08058678
1105,2023,전라남도,32,중학교,영산중학교,20230301~20231231,495㎥ /4개 코트,영강길 32,"뉴스포츠**,풋살",월요일:10:00~15:00 화요일:10:00~15:00  수요일:10:00~15:00  목요일:10:00~15:00  금요일:10:00~15:00  토요일:12:00~15:00,0,1,1,126.7139419,35.00894093
1106,2023,충청북도,성주길,고등학교,보은정보고등학교,20230302~20231231,2218㎥ /4개 코트,보은읍 성주길 27,"뉴스포츠**,풋살,배드민턴",월요일:18:00~22:00 화요일:14:30~21:00  수요일:18:00~22:00  목요일:14:30~21:00  금요일:18:00~22:00  토요일:10:00~12:00  일요일:10:00~12:00,2,2,2,127.7352841,36.49099891
1112,2023,제주특별자치도,제주시,초등학교,오라초등학교,20230327~20231231,589.1㎥ /3개 코트,제주특별자치도 제주시 연사길 48,탁구,월요일:18:00~22:00 화요일:18:00~22:00  수요일:18:00~22:00  목요일:18:00~22:00  금요일:18:00~22:00   일요일:16:00~22:00,0,2,0,126.5138529,33.48926553
1113,2023,강원도,금학로,초등학교,동송초등학교,20230503~20231231,1㎥ /1개 코트,동송읍 금학로 187번길 16-13,배드민턴,월요일:13:30~22:30 화요일:13:30~22:30  수요일:13:30~22:30  목요일:13:30~22:30  금요일:13:30~22:30  토요일:19:30~22:30  일요일:19:30~22:30,0,0,0,127.216704,38.20391464
1115,2023,강원도,율문길,중학교,춘성중학교,20230501~20231231,493.6㎥ /3개 코트,신북읍 율문길 95-8 춘성중학교,"요가,배드민턴",월요일:14:00~21:30 화요일:14:00~21:30  수요일:14:00~21:30  목요일:14:00~21:30  금요일:14:00~21:30  토요일:13:00~18:00,0,1,0,127.7483115,37.92518415
1116,2023,대전광역시,43,초등학교,대전동화초등학교,20230301~20231231,1260㎥ /4개 코트,관평2로 43,배드민턴,월요일:14:00~22:00 화요일:14:00~22:00  수요일:14:00~22:00  목요일:14:00~22:00  금요일:14:00~22:00,2,2,0,127.3891448,36.42274996
1117,2023,대전광역시,동구,고등학교,대전생활과학고등학교,20230301~20231231,100㎥ /6개 코트,대전 동구 용전동 27-33 2층,펜싱,월요일:09:30~17:30 화요일:09:30~17:30  수요일:09:30~17:30  목요일:09:30~17:30  금요일:09:30~17:30,1,1,1,127.4322741,36.3560768
1119,2023,대전광역시,목동로,중학교,대전대성중학교,20230301~20231231,12㎥ /1개 코트,중구 목동로 23,기타종목,월요일:13:30~21:00 화요일:13:30~21:00  수요일:13:30~21:00  목요일:13:30~21:00  금요일:13:30~21:00  토요일:09:00~15:00,1,2,1,127.4070779,36.331971
1120,2023,대구광역시,통학로217,중학교,대구대평중학교,20230301~20231231,1000㎥ /5개 코트,서구 통학로217,"줄넘기,배드민턴",월요일:18:30~21:30 화요일:18:30~21:30  수요일:18:30~21:30  목요일:18:30~21:30  금요일:18:30~21:30  토요일:13:30~17:30,2,2,2,128.5623308,35.88026893
1121,2023,충청북도,팔송로,초등학교,제천봉양초등학교,20230301~20231231,800㎥ /3개 코트,봉양읍 팔송로 59,"농구,탁구",월요일:14:00~22:00 화요일:14:00~22:00  수요일:14:00~22:00  목요일:14:00~22:00  금요일:14:00~22:00  토요일:09:00~12:00,2,2,0,128.1121142,37.13596778
1126,2023,세종특별자치시,세종특별자치시,중학교,반곡중학교,20230401~20231231,0㎥ /0개 코트,세종특별자치시 시청대로 480,기타종목,월요일:18:00~19:30 화요일:18:00~19:30  수요일:18:00~19:30  목요일:18:00~19:30  금요일:18:00~19:30  토요일:09:00~11:00  일요일:09:00~11:00,0,0,0,127.3117307,36.50062184
1128,2023,서울특별시,강남구,초등학교,테스트1,20230307~20230413,123㎥ /1개 코트,서울특별시 강남구 개포로 513(개포동),"댄스스포츠,육상",,0,0,0,127.0691709,37.49024785
1138,2024,충청북도,보은읍,고등학교,충북생명산업고등학교,20240301~20241231,800㎥ /4개 코트,보은군 보은읍 자영고길10,배드민턴,월요일:18:00~22:00 화요일:18:00~22:00  수요일:18:00~21:00  목요일:18:00~22:00  금요일:18:00~21:00,0,2,2,127.7154662,36.49099549
1139,2024,전라남도,16,초등학교,나주초등학교,20240301~20241231,928㎥ /4개 코트,남외1갈 16,"뉴스포츠**,배드민턴",월요일:19:00~22:30 화요일:19:00~22:30  수요일:19:00~22:30  목요일:19:00~22:30  금요일:19:00~22:30  토요일:19:00~22:30,2,2,2,129.3407109,35.57603614
1143,2024,전라남도,32,중학교,영산포여자중학교,20240301~20241231,900㎥ /4개 코트,이창1길 32,"뉴스포츠**,배드민턴",월요일:19:00~22:30 화요일:19:00~22:30  수요일:19:00~22:30  목요일:19:00~22:30  금요일:19:00~22:30  토요일:19:00~22:30,2,2,2,126.7114427,34.99738934
1144,2024,충청남도,소원면,초등학교,모항초등학교,20240517~20241231,503.1㎥ /3개 코트,태안군 소원면 모항파도로 116,배드민턴,화요일:19:00~22:00  수요일:19:00~22:00  목요일:19:00~22:00  금요일:19:00~22:00   일요일:19:00~22:00,0,2,1,126.139994,36.77316445
1146,2024,전라남도,24,초등학교,중앙초등학교,20240301~20241231,875㎥ /4개 코트,대호길 24,"뉴스포츠**,배드민턴",월요일:19:00~22:30 화요일:19:00~22:30  수요일:19:00~22:30  목요일:19:00~22:30  금요일:19:00~22:30  토요일:19:00~22:30,2,2,2,126.7187473,35.03907903
1158,2024,대전광역시,서구,초등학교,기성초등학교,20240301~20241231,753.8㎥ /3개 코트,대전광역시 서구 기성초교길 42,"배구,배드민턴",월요일:15:00~22:00 화요일:15:00~22:00  수요일:15:00~22:00  목요일:15:00~22:00  금요일:15:00~22:00   일요일:18:00~22:00,0,1,0,127.337625,36.24877151
1162,2024,충청남도,,초등학교,서산석림초등학교,20240301~20241231,660㎥ /4개 코트,동서1로41-6,"배구,배드민턴",월요일:19:00~22:00 화요일:19:00~22:00  수요일:19:00~22:00  목요일:19:00~22:00  금요일:19:00~22:00  토요일:19:00~22:00  일요일:19:00~22:00,2,2,2,126.4653595,36.76987632
1165,2024,충청남도,,중학교,서령중학교,20240301~20241231,580㎥ /4개 코트,동문동,"배구,배드민턴",,0,2,0,126.4591361,36.78980423
1173,2024,전라북도,김제시,중학교,봉남중학교,20240301~20241231,720㎥ /2개 코트,전북특별자치도 김제시 봉남면 남주1길 26,"배구,배드민턴",월요일:14:00~22:00 화요일:14:00~22:00  수요일:14:00~22:00  목요일:14:00~22:00  금요일:14:00~22:00,2,2,2,126.9619211,35.75316411
1177,2024,경상남도,둔덕면,중학교,거제둔덕중학교,20240301~20241231,396㎥ /2개 코트,거제시 둔덕면 하둔3길 7-3,풋살,월요일:09:00~18:00 화요일:09:00~18:00  수요일:09:00~18:00  목요일:09:00~18:00  금요일:09:00~18:00  토요일:08:00~14:00  일요일:08:00~14:00,1,1,1,128.5058059,34.83967678
1191,2024,경상북도,,고등학교,제일고,20240301~20241231,1054㎥ /1개 코트,신재로36,풋살,월요일:18:00~22:00 화요일:18:00~22:00  수요일:18:00~22:00  목요일:18:00~22:00  금요일:18:00~22:00  토요일:09:00~13:00,2,2,1,127.5893025,34.97441744
1195,2024,전라북도,아산면,초등학교,대아초등학교,20240301~20250228,3956㎥ /1개 코트,고창군 아산면 녹두로 776,"골프,배드민턴,체조",월요일:19:00~22:00 화요일:19:00~22:00  수요일:19:00~22:00  목요일:19:00~22:00  금요일:19:00~22:00  토요일:13:00~17:00,0,1,0,126.6335087,35.43949993
1196,2024,전라북도,흥덕면,초등학교,흥덕초등학교,20240301~20250228,380㎥ /1개 코트,고창군 흥덕면 흥덕초등길 13,"배구,배드민턴",월요일:19:00~22:00 화요일:19:00~22:00  수요일:19:00~22:00  목요일:19:00~22:00  금요일:19:00~22:00  토요일:13:00~17:00,0,1,0,126.7015064,35.51965428
