,FCLTY_NM,FCLTY_TY_NM,CTPRVN_CD,CTPRVN_NM,SIGNGU_CD,SIGNGU_NM,FCLTY_ADDR,PROGRM_TY_NM,PROGRM_NM,PROGRM_TRGET_NM,PROGRM_BEGIN_DE,PROGRM_END_DE,PROGRM_ESTBL_WKDAY_NM,PROGRM_ESTBL_TIZN_VALUE,PROGRM_RCRIT_NMPR_CO,PROGRM_PRC,PROGRM_PRC_TY_NM,HMPG_URL,x,y
0,강남스포츠문화센터골프연습장,골프연습장,1100000000,서울특별시,1168000000,강남구,강남구 수서동718,골프,오후골프07,성인,20241001,20241031,월수금,15:00~15:50,8,80000,,https://life.gangnam.go.kr,127.1053399,37.48897316
1,강남스포츠문화센터수영장,수영장,1100000000,서울특별시,1168000000,강남구,서울특별시 강남구 밤고개로1길 52 (수서동),에어로빅,아쿠아로빅E,성인,20241101,20241130,월수금,14:30~15:20,0,50000,,https://life.gangnam.go.kr,127.1052808,37.48900105
2,강북웰빙스포츠센터,생활체육관,1100000000,서울특별시,1130500000,강북구,서울특별시 강북구 오현로31길 51 (번동),축구(풋살),풋살(초등1~3)A 16시 [화목],초등1~3학년,20241101,20241130,화목,16:00~16:50,0,35000,,https://gbcmc.or.kr,127.0377894,37.63045275
3,개운산스포츠센터,생활체육관,1100000000,서울특별시,1129000000,성북구,서울특별시 성북구 북악산로 949-60 (종암동),수영,[NEW토수영]초등학생(10시),초등,20241201,20241231,토,10:00~10:50,6,50000,,https://www.gongdan.go.kr,127.0262388,37.59686703
4,개웅산생활체육관,생활체육관,1100000000,서울특별시,1153000000,구로구,서울특별시 구로구 개봉로3길 108-20 (개봉동),필라테스,21소도구필라테스B,성인남녀,20241201,20241231,화목,21:00~21:50,20,30000,,https://www.gurosisul.or.kr,126.8497244,37.48530673
5,거제국민체육센터,구기체육관,4800000000,경상남도,4831000000,거제시,경상남도 거제시 거제면 거제남서로 3485-17,헬스,헬스,성인/중고생,20241201,20241231,월화수목금토,06:00~22:00,0,50000,성인: 청소년:38000,https://www.yj-sports.or.kr,128.5815338,34.8518556
6,경주국민체육센터,생활체육관,4700000000,경상북도,4713000000,경주시,경상북도 경주시 유림로5번길 85-15 (황성동),종합체육시설,초등학생반 16시 중급,초등학생,20241201,20241231,월화수목금,16:10~17:00,25,41000,,https://sports.gyeongju.go.kr,129.2170901,35.8790444
7,계남근린공원테니스장,간이운동장,1100000000,서울특별시,1147000000,양천구,"서울특별시 양천구 신정로 260 (신정동, 신트리4단지아파트)",테니스,평일A(월목 배상윤)09:30,,20241101,20241130,월목,09:30~10:00,0,220000,,https://www.gurosisul.or.kr,126.8519831,37.51119304
8,고양국민체육센터,생활체육관,4100000000,경기도,4128100000,고양시 덕양구,경기도 고양시 덕양구 호국로 876 (성사동),헬스,헬스 월화수목금토일06:00~22:00,청소년,20241101,20241130,월화수목금토일,06:00~22:00,0,44000,,https://yeyak.gys.or.kr,126.8438504,37.66219613
9,고양어울림누리내 꽃우물수영장,수영장,4100000000,경기도,4128100000,고양시 덕양구,경기도 고양시 덕양구 어울림로 33 (성사동),에어로빅,아쿠아로빅(토)-주말아쿠아로빅A반 토10:00~10:50,성인,20241001,20241031,토,10:00~10:50,0,35000,,https://yeyak.gys.or.kr,126.835368,37.64905648
10,고양체육관,생활체육관,4100000000,경기도,4128700000,고양시 일산서구,경기도 고양시 일산서구 중앙로 1601 (대화동),골프,"골프(화목)-새벽4반(초,중,상급) 화목07:30~08:50",청소년,20241001,20241031,화목,07:30~08:50,0,71500,,https://yeyak.gys.or.kr,126.7420729,37.67638709
11,고천다목적실내체육관,구기체육관,4100000000,경기도,4143000000,의왕시,경기도 의왕시 오전로 18 (왕곡동),배구,고천 09시 월수금 배구,"성인,청소년",20241101,20241130,월수금,09:00~11:00,0,40000,,https://reserve.uuc.or.kr,126.9823557,37.34790019
12,과천시민회관다목적체육관,생활체육관,4100000000,경기도,4129000000,과천시,경기도 과천시 통영로 5 (중앙동),헬스,PT10회+종일반(토:06~18시),청소년~노인,20241201,20241231,월화수목금토,06:00~22:30,30,409000,,https://www.gcuc.or.kr,126.9891524,37.42819272
13,관문실내체육관,구기체육관,4100000000,경기도,4129000000,과천시,경기도 과천시 중앙로 294 (관문동),헬스,관문헬스(장애인스포츠강좌이용권),,20241201,20241231,월화수목금토,10:00~14:00,5,38220,,https://www.gcuc.or.kr,126.9962948,37.44144729
14,관악구민종합체육센터,생활체육관,1100000000,서울특별시,1162000000,관악구,서울특별시 관악구 낙성대로3길 37 (봉천동),종합체육시설,피아노B(13),"청소년,성인",20241101,20241130,화목,13:00~13:50,0,58000,,https://booking.gwanakgongdan.or.kr,126.9603153,37.47306731
15,관악청소년센터수영장,수영장,1100000000,서울특별시,1162000000,관악구,서울특별시 관악구 신림로23길 17 (신림동),수영,초등수영 토요일 상급 17시,초등~중등,20241001,20241031,토,17:00~17:50,5,15000,,https://booking.gwanakgongdan.or.kr,126.9352433,37.4702439
16,광교웰빙국민체육센터,생활체육관,4100000000,경기도,4111700000,수원시 영통구,경기도 수원시 영통구 웰빙타운로 71 (이의동),종합체육시설,스포츠,,20241001,20241031,월수,21:00-21:50,18,35000,,https://rsv.suwonudc.co.kr,127.0430984,37.30503262
17,광장동 실내배드민턴장,구기체육관,1100000000,서울특별시,1121500000,광진구,서울특별시 광진구 천호대로140길 40 (광장동),종합체육시설,주3회강습반(월수금)2부,성인/청소년,20241001,20241031,월수금,09:30~12:00,16,77000,,https://booking.gwangjin.or.kr,127.1001957,37.54442528
18,광주시문화스포츠센터,생활체육관,4100000000,경기도,4161000000,광주시,경기도 광주시 회안대로 891 (송정동),복싱,11시/B(기간)_뮤직복싱2,청소년이상,20241201,20241231,화목,11:00~11:50,30,21000,,https://gjcenter.gjcs.or.kr,127.2548241,37.42690194
19,광진구민체육센터,골프연습장,1100000000,서울특별시,1121500000,광진구,서울특별시 광진구 구천면로 14 (광장동),기타종목,영재 종이접기(자격증대비반),15-19년생,20241101,20241130,수,16:00~16:50,0,95000,,https://booking.gwangjin.or.kr,127.106801,37.54600993
20,광진문화예술회관,골프연습장,1100000000,서울특별시,1121500000,광진구,서울특별시 광진구 능동로 76 (자양동),골프,토요 골프 15,중고생/성인,20241101,20241130,토,15:00~15:50,0,44000,,https://booking.gwangjin.or.kr,127.070576,37.53757063
21,구로구민체육센터,생활체육관,1100000000,서울특별시,1153000000,구로구,서울특별시 구로구 고척로45길 39 (고척동),통합,17기구필라테스A,성인,20241201,20241231,월수금,17:00~17:50,6,180000,,https://www.gurosisul.or.kr,126.8532759,37.50658124
22,구리국민체육센터,구기체육관,4100000000,경기도,4131000000,구리시,인창동 622-28번지 일원,배드민턴프로그램,06시양지클럽_월정기배드민턴,양지클럽회원,20241201,20241231,월화수목금토일,06:00~08:50,100,15000,클럽월정기_노인[1개월],https://sports.guriuc.or.kr:4433,127.1297923,37.60508111
23,구리시멀티스포츠센터,구기체육관,4100000000,경기도,4131000000,구리시,경기도 구리시 체육관로 137-25 (교문동),종합체육시설,06B(월수금)스쿼시강습(중급),청소년이상,20241001,20241031,월수금,06:00~06:50,4,50000,주3회(경로),https://sports.guriuc.or.kr:4433,127.1351567,37.59616439
24,구리실내배드민턴장,구기체육관,4100000000,경기도,4131000000,구리시,교문동 3-2번지 일원,배드민턴,20시하나로클럽_월정기배드민턴,하나로클럽회원,20241001,20241031,월화수목금토일,20:00~22:00,100,25000,클럽월정기_성인[1개월],https://sports.guriuc.or.kr:4433,127.1363275,37.59582931
25,구리청소년수련관수영장,수영장,4100000000,경기도,4131000000,구리시,인창동 673-4번지,에어로빅,아쿠아로빅E[월수금18시],중고생및성인남녀,20241001,20241031,월수금,18:00~18:50,65,60000,,,127.1418066,37.60379969
26,국민생활관,생활체육관,5100000000,강원특별자치도,5111000000,춘천시,강원특별자치도 춘천시 효자상길5번길 11 (효자동),수영,주말수영,남녀(초등학생),20241101,20241130,토일,15:00~15:50,0,0,,https://www.cuc.or.kr,127.7284204,37.87309565
27,국민체육센터,생활체육관,2600000000,부산광역시,2626000000,동래구,부산광역시 동래구 미남로 110 (온천동),댄스(줌바 등),(15)-댄스스포츠(중급)_월수금,성인남녀,20241001,20241031,월수금,15:00~15:50,30,50000,주3회성인댄스(1개월),https://sports.dongnae.go.kr,129.0698369,35.20359834
28,국민체육센터 다목적체육관,생활체육관,4100000000,경기도,4139000000,시흥시,경기도 시흥시 하중로 226 (하중동),요가,"웰빙요가_18시(화,목)",청소년이상,20241001,20241031,,18:00~18:50,25,30000,요가(주2회),https://sportsapp.shsi.or.kr,126.8053441,37.39150566
29,국민체육센터 수영장,수영장,5100000000,강원특별자치도,5111000000,춘천시,강원특별자치도 춘천시 우석로 102-3 (석사동),수영,어린이수영,초등학생,20241101,20241130,화수목금,17:00~17:50,0,0,,https://www.cuc.or.kr,127.7566777,37.86261988
30,군포시청소년수련관수영장,수영장,4100000000,경기도,4141000000,군포시,경기도 군포시 산본로 322 (금정동),기타종목,화목20교정상(중-고-성인),중-고-성인,20241201,20241231,화목,20:00~20:50,20,27000,,https://www.gpyf.or.kr,126.9347608,37.35982376
31,근로자종합복지관 수영장,수영장,5100000000,강원특별자치도,5111000000,춘천시,강원특별자치도 춘천시 후석로440번길 9 (후평동),수영,중급,,20241201,20241231,,,0,0,,https://www.cuc.or.kr,127.743914,37.88923711
32,금곡공원국민체육센터,생활체육관,4100000000,경기도,4113500000,성남시 분당구,경기도 성남시 분당구 금곡로 302 (정자동),필라테스,기구필라테스_월수금_15시,구분없음,20241001,20241031,월수금,15:00~15:50,0,165000,,https://spo.isdc.co.kr,127.1097356,37.35716138
33,금천구민문화체육센터,생활체육관,1100000000,서울특별시,1154500000,금천구,서울특별시 금천구 독산로54길 188 (독산동),기타종목,번지핏/토09시~09시50분/4회수업기준/1층다목적룸  회원구분:단체레슨반  장소:1층다목적룸,14세~성인,20241101,20241130,토,09:00~09:50,0,80000,65세↑ (1개월),https://s.gfmc.kr,126.9073405,37.47006899
34,금천구민문화체육센터수영장,수영장,1100000000,서울특별시,1154500000,금천구,금천구 독산4동371-2,수영,"실버수영(마스터)/화,목(14:00~14:50)강습+토(12:00~13:50)자유수영  회원구분:마스터(접영이상)  장소:수영장",만60세이상,20241201,20241231,화목토,14:00~14:50,0,38000,성인 (1개월),https://s.gfmc.kr,126.9072633,37.47013786
35,기장군국민체육센터,생활체육관,2600000000,부산광역시,2671000000,기장군,부산광역시 기장군 일광면 체육공원1로 29,기타종목,"11시 스피닝(수,금)(2024)",,20241001,20241031,수금,11:00~11:50,15,0,,https://regs.gijangcmc.or.kr,129.24285,35.30497463
36,기장군국민체육센터수영장,수영장,2600000000,부산광역시,2671000000,기장군,부산광역시 기장군 일광읍 체육공원1로 29,수영,07시 자유수영(2024),,20241201,20241231,화수목금,07:00~08:00,35,0,,https://regs.gijangcmc.or.kr,129.24285,35.30497463
37,기장생활체육센터,생활체육관,2600000000,부산광역시,2671000000,기장군,부산광역시 기장군 기장읍 차성서로109번길 24,요가,"NEW 06시30분 요가(수,금)",,20241001,20241031,수금,06:30~07:20,14,0,,https://regs.gijangcmc.or.kr,129.2082011,35.24365234
38,김천국민체육센터,생활체육관,4700000000,경상북도,4715000000,김천시,경상북도 김천시 운동장길 1 (삼락동),탁구,월수금 오후탁구,누구나,20241001,20241031,월수금,14:00~16:00,25,20000,,https://www.gcfmc.or.kr,128.086502,36.13969402
39,김포생활체육관,생활체육관,4100000000,경기도,4157000000,김포시,경기도 김포시 김포한강8로 198-3 (마산동),배드민턴,"배드민턴(월,수,금)09시~13시",성인,20241201,20241231,월수금,09:00~13:00,24,0,배드민턴(월수금)09,https://yeyak.guc.or.kr,126.6449051,37.64035315
40,까치산체육센터,골프연습장,1100000000,서울특별시,1162000000,관악구,서울특별시 관악구 행운10길 23 (봉천동),골프,골프연습장이용료(09시),성인남녀,20241101,20241130,월화수목금,09:00~09:50,0,110000,,https://booking.gwanakgongdan.or.kr,126.9624721,37.48197062
41,남구 빙상장,빙상장,2600000000,부산광역시,2629000000,남구,부산광역시 남구 백운포로 106 (용호동),기타종목,스피드_성인17,성인,20241201,20241231,월수금,17:00~17:45,15,80000,스케이트_성인(월8회),https://www.namgusports.go.kr,129.1100779,35.10415758
42,남구국민체육센터 1관(실내체육관),생활체육관,2600000000,부산광역시,2629000000,남구,부산광역시 남구 백운포로 110 (용호동),종합체육시설,배드민턴1350(개인레슨)_월수금,청소년이상,20241101,20241130,월수금,13:50~15:30,10,88000,배드민턴_월수금(개인레슨),https://www.namgusports.go.kr,129.1082001,35.10388234
43,남동국민체육센터,생활체육관,2800000000,인천광역시,2820000000,남동구,인천광역시 남동구 백범로124번길 94 (만수동),수영,수영,,20241001,20241031,월수금,07:00-07:50,30,60000,성인,,126.7363878,37.45790787
44,남양주시청소년수련관,생활체육관,4100000000,경기도,4136000000,남양주시,경기도 남양주시 다산지금로 51-47 (이패동),수영,수영단기속성F(수금) 수영단기속성F(수금),,20241201,20241231,수금,17:00~17:50,0,100000,,https://www.ncuc.or.kr,127.1781185,37.60893656
45,남양주체육문화센터,생활체육관,4100000000,경기도,4136000000,남양주시,경기도 남양주시 다산지금로 91 (이패동),종합체육시설,건강·문화(GX) 성인/청소년건강.문화   남양주체육문화센터 건강·문화(GX)-성인/청소년건강.문화 10/A탁구프로그램   남양주체육문화센터 건강·문화(GX)-성인/청소년건강.문화 10/A탁구프로그램 탁구(컨퍼런스장) 탁구(컨퍼런스장),,20241101,20241130,월수금,10:00~12:00,0,45900,,https://www.ncuc.or.kr,127.1777904,37.60592658
46,남양주체육문화센터수영장,수영장,4100000000,경기도,4136000000,남양주시,경기도 남양주시 다산지금로 51-27 (이패동),수영,10/E(월-금)성인/청소년 수영주5회(성인),,20241201,20241231,월화수목금,10:00~10:50,0,91000,,https://www.ncuc.or.kr,127.1756062,37.60990889
47,능곡 어울림센터 다목적체육관,생활체육관,4100000000,경기도,4139000000,시흥시,경기도 시흥시 능곡로 140 (능곡동),배드민턴,09:30<배드민턴>월수금,청소년~성인,20241001,20241031,,09:30~12:00,20,58330,배드민턴,,126.8159456,37.36641994
48,능평스포츠센터-수영장,수영장,4100000000,경기도,4161000000,광주시,경기도 광주시 창뜰아랫길 14-3 (능평동),종합체육시설,10시/A(교정)_기간수료-(1000M이상)1개월차,청소년이상,20241101,20241130,월수금,10:00~10:50,0,41000,,https://gjcenter.gjcs.or.kr,127.1667922,37.34894166
49,달성군국민체육센터,수영장,2700000000,대구광역시,2771000000,달성군,대구광역시 달성군 현풍면 현풍동로 180,수영,수영,성인남/여및중고생,20241001,20241031,월수금,09:00~09:50,0,0,,https://yeyak.dssiseol.or.kr,128.4418206,35.70169197
50,달성문화센터수영장,수영장,2700000000,대구광역시,2771000000,달성군,대구광역시 달성군 다사읍 대실역북로2길 188,수영강습,수영강습,성인남/여및중고생,20241001,20241031,월화수목금,06:00~06:50,0,0,,https://yeyak.dssiseol.or.kr,128.4609555,35.86547511
51,도봉실내수영장,수영장,1100000000,서울특별시,1132000000,도봉구,서울특별시 도봉구 도봉로180나길 41 (도봉동),수영,20시저녁수영A(초급),"성인,청소년,경로",20241001,20241031,월수금,20:00~20:50,11,35000,경로-주3회,https://yeyak.dobongsiseol.or.kr,127.0498958,37.68434454
52,동구 국민체육문예센터,생활체육관,2600000000,부산광역시,2617000000,동구,부산광역시 동구 구청로 8 (수정동),댄스(줌바 등),한국무용,성인누구나,20241001,20241031,화목,15:00~17:00,30,0,,https://www.bsdgsportsart.or.kr,129.0446742,35.12895295
53,동구문화체육센터 수영장,수영장,2800000000,인천광역시,2814000000,동구,인천광역시 동구 송림로110번길 5-8(송림동),수영,월수금 상급반 저녁2부(20:00~20:50),성인 및 청소년(만13세 이상),20241101,20241130,월수금,20:00~20:50,0,50000,,https://cscenter.icdonggu.go.kr,126.6475423,37.47577301
54,동대문구민체육센터수영장,수영장,1100000000,서울특별시,1123000000,동대문구,대전광역시 서구 장안동  장안로 587,수영,06시 마스터즈-화목,성인/청소년,20241001,20241031,화목,06:00~06:50,4,22000,,https://www.dfmc.kr:8443,127.3370849,36.21164905
55,동래구국민체육센터실내수영장,수영장,2600000000,부산광역시,2626000000,동래구,부산광역시 동래구 미남로116번길 3 (온천동),수영,(13)-어린이소그룹수영_고급(평영이상),초등학생,20241101,20241130,토일,13:00~13:50,10,95000,주말소그룹(1개월),https://sports.dongnae.go.kr,129.0697194,35.20453341
56,동부여성문화회관실내수영장,수영장,2700000000,대구광역시,2714000000,동구,대구광역시 동구 신암북로11길 54-2 (신암동),에어로빅,11.월수금 아쿠아로빅 13:20~14:10,대구 거주 성인여성(주민등록증 거주),20241001,20241031,,,0,44000,,https://yeyak.daegu.go.kr,128.6223306,35.8904138
57,동작구민체육센터,생활체육관,1100000000,서울특별시,1159000000,동작구,서울특별시 동작구 여의대방로16길 53 (신대방동),축구(풋살),풋볼/특화 그룹/6세~7세   동작구민체육센터 풋볼/특화-그룹/6세~7세 17시[수]어린이/football/6세~7세 주1회[6세~7세]   동작구민체육센터 풋볼/특화-그룹/6세~7세 17시[수]어린이/football/6세~7세 주1회[6세~7세],,20241101,20241130,수,17:00~17:50,0,70000,,https://sports.idongjak.or.kr,126.9167677,37.49471976
58,동작구민체육센터수영장,수영장,1100000000,서울특별시,1159000000,동작구,신대방동 460-1,수영,수영[소수정예]특화 금   동작구민체육센터 수영[소수정예]특화-금 금15시중급[평영발~한팔접영]/중등생~성인 성인수영소수C   동작구민체육센터 수영[소수정예]특화-금 금15시중급[평영발~한팔접영]/중등생~성인 성인수영소수C,,20241101,20241130,금,15:00~15:50,0,55000,,https://sports.idongjak.or.kr,126.9167737,37.49472364
59,두류수영장,수영장,2700000000,대구광역시,2729000000,달서구,대구광역시 달서구 공원순환로 237 (성당동),수영,수영_화목토_교정B반(11시10분),성인,20241201,20241231,화목토,11:10~12:00,35,0,,https://13.dpfc.or.kr,128.5615703,35.84692155
60,마장국민체육센터,생활체육관,1100000000,서울특별시,1120000000,성동구,서울특별시 성동구 마조로11길 6 (마장동),요가,테라피 요가07B(생명안전배움터),성인,20241101,20241130,월수금,07:30~08:20,0,55000,,https://sports.happysd.or.kr,127.04079,37.56213021
61,문학박태환수영장,수영장,2800000000,인천광역시,2817000000,남구,인천광역시 남구 매소홀로 618 (문학동),수영,(20)저녁2반_주2회(초급),청소년이상,20241201,20241231,화목,20:00~20:50,30,48000,,https://www.icsports.or.kr,126.6907598,37.43508198
62,미추홀구 국민체육센터,수영장,2800000000,인천광역시,2817700000,,인천광역시 미추홀구 경인로42번길 57 (숭의동),기타종목,19시 직장인_기초,청소년이상,20241001,20241031,화목,19:00~19:50,20,45000,,https://www.imfmc.co.kr,126.6494662,37.46195279
63,백운커뮤니티센터,수영장,4100000000,경기도,4143000000,의왕시,경기도 의왕시 백운중앙로 74 (학의동),수영,19시 화목 입문(성인남녀/청소년),성인/청소년,20241001,20241031,화목,19:00~19:50,20,16520,,https://reserve.uuc.or.kr,127.0075798,37.3700378
64,백운포체육공원 (테니스장),테니스장,2600000000,부산광역시,2629000000,남구,부산광역시 남구 백운포로 108 (용호동),테니스,테니스개인레슨08시20분,,20241201,20241231,월화금,08:20~08:40,1,100000,테니스개인레슨,https://www.namgusports.go.kr,129.1093425,35.10386913
65,보령국민체육센터수영장,수영장,4400000000,충청남도,4418000000,보령시,충청남도 보령시 남포면 보령남로 347,수영,10시 오전수영[중급반],청소년이상,20241001,20241031,월수,10:00~10:50,20,0,,https://www.brcn.go.kr,126.6039317,36.31376021
66,부곡다목적실내체육관,구기체육관,4100000000,경기도,4143000000,의왕시,경기도 의왕시 부곡공원길 6 (월암동),배구,부곡 10시 화목 배구,"성인,청소년",20241201,20241231,화목,10:00~12:00,25,33000,,https://reserve.uuc.or.kr,126.9587549,37.31463525
67,부곡스포츠센터,생활체육관,4100000000,경기도,4143000000,의왕시,경기도 의왕시 부곡시장길 77 (삼동),댄스(줌바 등),09시 화목 멀티근력댄스,성인남녀,20241101,20241130,화목,09:00~09:50,0,33000,,https://reserve.uuc.or.kr,126.9572372,37.31864395
68,부산국민체육센터,생활체육관,2600000000,부산광역시,2614000000,서구,부산광역시 서구 대신로 150 (서대신동3가),요가,직장인요가 A반,청소년 이상,20241201,20241231,월수금,19:00~19:50,0,50600,,https://www.bnsc.or.kr,129.0157696,35.11732419
69,부산진구 국민체육센터,수영장,2600000000,부산광역시,2623000000,부산진구,부산광역시 부산진구 진남로328번길 35 (전포동),수영,새벽수영 06_새벽수영A,청소년이상,20241201,20241231,월화수목금,06:00~06:50,0,66000,,https://www.jsports.or.kr,129.0737727,35.15538668
70,북구국민체육센터,생활체육관,3100000000,울산광역시,3120000000,북구,울산광역시 북구 호계로 416-31 (신천동),기타종목,"바디체인지(A) 15시(수,금)",성인누구나,20241201,20241231,수금,15:00~15:50,0,20000,,https://www.bukgusports.com,129.3470136,35.64276707
71,북구국민체육센터,생활체육관,2600000000,부산광역시,2632000000,북구,부산광역시 북구 화명대로94번길 83 (화명동),에어로빅,에어로빅(A) 21시,초등학생이상,20241201,20241231,월화수목금,21:00~21:50,0,57000,,https://www.bukgusports.com,129.0174211,35.23078774
72,분당야탑청소년수련관수영장,수영장,4100000000,경기도,4113500000,성남시 분당구,경기도 성남시 분당구 벌말로30번길 35(야탑동),수영,(성인)월자유수영(월-금20시),성인남여,20241001,20241031,월화수목금,20:00~20:50,90,37000,,https://snyouth.or.kr,127.1418618,37.4102383
73,사당문화회관수영장,수영장,1100000000,서울특별시,1159000000,동작구,사당동 248-6,수영,[19시월수]상급반/양팔접영이상/중등생~성인 *성인수영(월수),,20241201,20241231,월수,19:00~19:50,0,34100,,https://sports.idongjak.or.kr,126.9696139,37.48471444
74,사하구국민체육센터,생활체육관,2600000000,부산광역시,2638000000,사하구,부산광역시 사하구 감천로 68 (감천동),댄스(줌바 등),09시 다이어트댄스,청소년이상,20241201,20241231,월화수목금,09:00~09:50,50,60000,,https://www.sahaksports.or.kr,128.9988776,35.08943501
75,삼각산문화예술회관수영장(구.강북구민회관수영장),수영장,1100000000,서울특별시,1130500000,강북구,서울특별시 강북구 삼각산로 85 (수유동),수영,저녁수영 19시 [월수금] 신규,청소년 이상,20241101,20241130,월수금,19:00~19:50,0,37000,,https://gbcmc.or.kr,127.0138781,37.64098979
76,서대문체육회관수영장,수영장,1100000000,서울특별시,1141000000,서대문구,홍은3동 산26-155,기타종목,아쿠아_토_13시,성인,20241001,20241031,토,13:00~13:50,75,22500,,https://cs.sscmc.or.kr,126.9315574,37.58075973
77,서부산권장애인스포츠센터,생활체육관,2600000000,부산광역시,2638000000,사하구,부산광역시 사하구 낙동남로1233번길 20 (하단동),수영,18시 직장인수영[월수금]_고급,성인,20241101,20241130,월수금,18:00~18:50,0,50000,,https://www.sbsd.kr,128.9469416,35.10942029
78,서울여성능력개발원수영장,기타시설,1100000000,서울특별시,1121500000,광진구,서울특별시 광진구 아차산로30길 36 (자양동),수영,S13오후3시수영강습,,20241201,20241231,월화수목금,15:00~15:50,40,76000,,https://dongbu.seoulwomanup.or.kr,127.0667179,37.5394028
79,서재문화체육센터,생활체육관,2700000000,대구광역시,2771000000,달성군,대구광역시 달성군 다사읍 다사로 750,요가,(20)요가테스(주3회),성인,20241201,20241231,월수금,20:00~20:50,29,0,,https://13.dpfc.or.kr,128.5032013,35.88428804
80,선학국제빙상경기장,빙상장,2800000000,인천광역시,2818500000,연수구,인천광역시 연수구 경원대로 526 (선학동),기타종목,일)14시~16시스피드_기초반(신규모집),7세 ~ 성인,20241101,20241130,일,14:00~15:45,20,0,7세,https://www.seonhakicerink.or.kr,126.7018481,37.43090319
81,성동구립용답체육센터 수영장,수영장,1100000000,서울특별시,1120000000,성동구,서울특별시 성동구 천호대로78길 15-48(용답동),수영,저녁수영19-C,청소년,20241001,20241031,화목,19:00~19:50,5,24000,,https://sports.happysd.or.kr,127.0570568,37.56183119
82,성동구민종합체육센터수영장,수영장,1100000000,서울특별시,1120000000,성동구,성수1가 685-20,기타종목,아쿠아테라피14C,성인,20241101,20241130,화목토,14:00~14:50,0,140000,,https://sports.happysd.or.kr,127.0417991,37.54307015
83,성북구민체육관,생활체육관,1100000000,서울특별시,1129000000,성북구,서울특별시 성북구 화랑로13길 144 (하월곡동),탁구,"자율탁구(월,수,금)",대상없음,20241201,20241231,월수금,16:00~18:50,23,25000,,https://www.gongdan.go.kr,127.0422837,37.6086202
84,성북종합레포츠타운수영장,수영장,1100000000,서울특별시,1129000000,성북구,서울특별시 성북구 한천로58길 307 (석관동),수영,월자유수영18A,청소년,20241201,20241231,월수금,18:00~18:50,30,35000,,https://www.gongdan.go.kr,127.0700512,37.61021724
85,성서국민체육센터,수영장,2700000000,대구광역시,2729000000,달서구,대구광역시 달서구 선원로 133 (이곡동),수영,수영,성인,20241001,20241031,화목,,25,40000,,https://www.spsc.or.kr,128.5058527,35.86156411
86,소사국민체육센터,생활체육관,4100000000,경기도,4119000000,부천시,경기도 부천시 소사로 108 (소사본동),수영,10시 수영 월수금 연수B,중학생이상,20241101,20241130,월수금,10:00~10:50,0,60000,,https://www.best.or.kr,126.7985324,37.46860107
87,속초국민체육센터,수영장,5100000000,강원특별자치도,5121000000,속초시,강원특별자치도 속초시 조양로 89 (조양동),수영,새벽수영고급반(B),"청소년,성인,경로",20241001,20241031,수금,06:10~07:00,25,0,,https://sports.sokcho.go.kr,128.5906464,38.18671671
88,송도스포츠센터수영장,수영장,2600000000,부산광역시,2614000000,서구,부산광역시 서구 송도해변로 121 (암남동),수영," (화목)""",초1~6년,20241201,20241231,화목,17:00~17:50,0,30000,일반:,https://www.sdsports.or.kr,129.0201101,35.07807699
89,수영구 국민체육센터,기타시설,2600000000,부산광역시,2650000000,수영구,부산광역시 수영구 수영로521번길 77 (광안동),수영,월자유수영A_16 16시,청소년이상,20241201,20241231,월화수목금,16:00~16:50,0,45000,,https://www.sysports.or.kr,129.1074595,35.15293824
90,수영구 스포츠클럽,생활체육관,2600000000,부산광역시,2650000000,수영구,부산광역시 수영구 광남로257번길 12 (민락동),필라테스,07필라테스 월~금,,20241201,20241231,월화수목금,07:00~07:50,0,50000,,https://www.sygsports.co.kr,129.1269382,35.16094516
91,수원시체육회관,기타시설,4100000000,경기도,4111100000,수원시 장안구,경기도 수원시 장안구 정조로 998 (조원동),수영,"성인C_상급(교정,핀)",성인/청소년,20241101,20241130,월수금,15:00~15:50,0,50000,,https://swywca.sscc3030.or.kr,127.0092768,37.29610416
92,수원청소년문화센터,구기체육관,4100000000,경기도,4111500000,수원시 팔달구,경기도 수원시 팔달구 권광로 293 (인계동),종합체육시설,토-가족주말인라인B(청소년),초1~중3,20241201,20241231,토,11:30~12:50,25,30000,가족주말인라인_청소년,https://yeyak.syf.or.kr,127.0352697,37.27364078
93,신도림생활체육관,생활체육관,1100000000,서울특별시,1153000000,구로구,서울특별시 구로구 경인로67길 149 (신도림동),골프,20 골프정기권_A,청소년이상,20241101,20241130,월수금,20:00~20:50,0,60000,,https://www.gurosisul.or.kr,126.8832346,37.51376124
94,신림체육센터,생활체육관,1100000000,서울특별시,1162000000,관악구,서울특별시 관악구 난곡로58길 13 (신림동),댄스(줌바 등),줌바댄스A,성인/청소년,20241101,20241130,월화목,14:00~14:50,0,45000,,https://booking.gwanakgongdan.or.kr,126.916032,37.48007066
95,신월문화체육센터수영장,수영장,1100000000,서울특별시,1147000000,양천구,충청북도 제천시 신월동   987,수영,오전10시A[접영이상],성인남녀,20241001,20241031,월수금,10:00~10:50,70,51600,,https://www.ycs.or.kr,128.1799232,37.15955781
97,양천구민체육센터수영장,수영장,1100000000,서울특별시,1147000000,양천구,신정동322-10,수영,어린이소그룹수영18B(성인풀강습),초등학생,20241001,20241031,화목,18:00~18:50,6,105000,,https://www.ycs.or.kr,126.8645862,37.51639668
98,여성문화회관 수영장,수영장,2800000000,인천광역시,2823700000,부평구,인천광역시 부평구 길주로 539 (갈산동),수영,12월-아쿠아로빅1,,20241201,20241231,월수금,07:30~08:20,0,0,,https://www.ifwf.or.kr,126.7219406,37.50786167
99,연제구국민체육센터,생활체육관,2600000000,부산광역시,2647000000,연제구,부산광역시 연제구 쌍미천로 132 (연산동),수영,오후수영주3회17시반,중고생이상,20241201,20241231,월수금,17:00~17:50,35,38000,수영주3회1개월(중고생),https://sports.yeonje.go.kr,129.0874854,35.18415343
100,열린금호교육문화관체육관,생활체육관,1100000000,서울특별시,1120000000,성동구,"서울특별시 성동구 금호산12길 3(금호동2가, 성덕빌라)",헬스,오후헬스(12~18시),중등~성인,20241001,20241031,월화수목금토,12:00~18:20,50,45000,,https://sports.happysd.or.kr,127.0197434,37.55196497
101,열우물경기장,수영장,2800000000,인천광역시,2823700000,부평구,인천광역시 부평구 열우물로 164 (십정동),수영,(19)저녁수영_주3회(연수),청소년이상,20241201,20241231,월수금,19:00~19:50,45,46000,,https://www.icsports.or.kr,126.6915932,37.48010516
102,영도구국민체육센터,생활체육관,2600000000,부산광역시,2620000000,영도구,부산광역시 영도구 함지로79번길 6 (동삼동),수영,[08시]새아침수영 A,성인,20241201,20241231,월수금,08:00-08:50,10,48600,일반: 여성위생:43740 실버:34020,https://www.ydsports.org,129.066859,35.07526538
103,영등포제1스포츠센터,생활체육관,1100000000,서울특별시,1156000000,영등포구,서울특별시 영등포구 신풍로 1 (신길동),필라테스,기구필라테스11B 무,청소년~만60세이하(기구필라테스),20241201,20241231,화목,11:00~11:50,7,0,,https://spc.y-sisul.or.kr,126.906305,37.50054207
104,영등포제2스포츠센터,생활체육관,1100000000,서울특별시,1156000000,영등포구,서울특별시 영등포구 국회대로 615 (당산동4가),댄스(줌바 등),★시니어발레12B 유,시니어발레(만50세이상),20241201,20241231,화목,12:00~12:50,20,0,,https://spc2.y-sisul.or.kr,126.9027314,37.52669243
105,오남체육문화센터,생활체육관,4100000000,경기도,4136000000,남양주시,경기도 남양주시 오남읍 진건오남로577번길 11,기타종목,파워스피닝 파워스피닝   오남체육문화센터 파워스피닝-파워스피닝 19B파워스피닝(이수연)   오남체육문화센터 파워스피닝-파워스피닝 19B파워스피닝(이수연) 주2회_성인(스피닝) 주2회_성인(스피닝),,20241001,20241031,화목,19:30~20:20,0,47000,,https://ncuc.or.kr,127.2098431,37.68486937
106,오남체육문화센터수영장,수영장,4100000000,경기도,4136000000,남양주시,경기도 남양주시 오남읍 양지로 156-19,수영,10/B1(화목)성인/청소년 주2회_성인,,20241201,20241231,화목,10:00~10:50,0,36000,,https://ncuc.or.kr,127.2022266,37.6929656
107,오산스포츠센터,생활체육관,4100000000,경기도,4137000000,오산시,경기도 오산시 경기동로 33 (오산동),골프,"골프강습08부(월수금,16:30) 우타석",어린이이상,20241001,20241031,월화수목금,16:30~17:30,3,225000,,,127.0756663,37.1587032
108,오정레포츠센터,생활체육관,4100000000,경기도,4119000000,부천시,경기도 부천시 상오정로 169 (오정동),기타종목,아쿠아테크 15시(2부),성인,20241001,20241031,월수금,15:00~16:50,80,70000,,https://www.best.or.kr,126.7964766,37.52915273
109,올림픽기념국민생활관,생활체육관,1100000000,서울특별시,1111000000,종로구,서울특별시 종로구 성균관로 91 (혜화동),에어로빅,웨이트로빅 09시 화목,성인/청소년,20241001,20241031,화목,09:00~09:50,10,38500,,https://www.ijongno.co.kr,126.9987803,37.59048902
110,올림픽기념국민생활관,생활체육관,2600000000,부산광역시,2635000000,해운대구,부산광역시 해운대구 APEC로 68 (우동),에어로빅,에어로빅 C,성인,20241201,20241231,월수금,14:00~14:45,13,0,,https://www.saba.or.kr,129.1376957,35.16742611
111,와부체육문화센터,생활체육관,4100000000,경기도,4136000000,남양주시,경기도 남양주시 와부읍 월문천로 51,기타종목,다목적강좌(1개월) 문화교실강좌(1개월)   와부체육문화센터 다목적강좌(1개월)-문화교실강좌(1개월) 10/A소수정예>SNPE바른자세운동(청소년~성인)   와부체육문화센터 다목적강좌(1개월)-문화교실강좌(1개월) 10/A소수정예>SNPE바른자세운동(청소년~성인) 바른자세척추운동(주2회) 바른자세척추운동(주2회),,20241001,20241031,월수,10:30~11:20,0,58000,,https://ncuc.or.kr,127.2180195,37.58580813
112,용산문화체육센터,생활체육관,1100000000,서울특별시,1117000000,용산구,서울특별시 용산구 백범로 350 (문배동),종합체육시설,SNPE(바른자세) 16_월수,청소년이상,20241101,20241130,월수,16:00~16:50,0,58000,,https://yssports.yong-san.or.kr,126.9676278,37.53724193
113,용산청소년수련관,생활체육관,1100000000,서울특별시,1117000000,용산구,서울특별시 용산구 이촌로71길 24 (이촌동),댄스(줌바 등),"리듬체조초급(토)09:00바른몸사용,리듬감각키우기",대상어린이(6~12세),20241201,20241231,요일토,09:00-09:50,0,0,,https://yongsanyouth.or.kr,126.9732982,37.5213567
114,원주국민체육센터,생활체육관,5100000000,강원특별자치도,5113000000,원주시,강원특별자치도 원주시 남원로 551 (명륜동),수영,수영_상급반_09시_일반,경로,20241001,20241031,화수목금토일,05:00~22:00,0,30000,,,127.9463037,37.33383071
115,은평구민체육센터,생활체육관,1100000000,서울특별시,1138000000,은평구,서울특별시 은평구 진관1로 40 (진관동),탁구,탁구(월수금10시),어린이이상,20241201,20241231,월수금,10:00~11:50,25,38000,,https://www.efmc.or.kr,126.9235813,37.63044073
116,의왕시국민체육센터,생활체육관,4100000000,경기도,4143000000,의왕시,경기도 의왕시 복지로 27 (내손동),탁구,20시 월수금 탁구,전체,20241101,20241130,월수금,20:00~20:50,0,66000,,https://reserve.uuc.or.kr,126.9751657,37.3820352
117,의왕청소년수련관체육관,구기체육관,4100000000,경기도,4143000000,의왕시,경기도 의왕시 문화공원로 33 (고천동),기타종목,엔트리코딩 토14시,초등,20241101,20241130,토,14:00~14:50,0,60000,,https://www.uyf.or.kr,126.9719381,37.34179505
118,이문체육문화센터,생활체육관,1100000000,서울특별시,1123000000,동대문구,서울특별시 동대문구 한천로58길 81-49 (이문동),스쿼시,"스쿼시 21시 고급B(화,목)",청소년~성인,20241101,20241130,화목,21:00~21:50,0,35200,,https://www.dfmc.kr:8443,127.0687022,37.60224436
119,장유스포츠센터,생활체육관,4800000000,경상남도,4825000000,김해시,경상남도 김해시 번화2로 72 (삼문동),수영,신규_17시 [1.기초] 수영 처음 배우는분,초등학생,20241101,20241130,월화수목금,17:00~17:50,0,48000,,https://ghdc.or.kr,128.8049437,35.1957256
120,정관아쿠아드림파크,수영장,2600000000,부산광역시,2671000000,기장군,부산광역시 기장군 정관읍 모전로 7,수영,11시 05분 월자유수영6반(화~금),,20241001,20241031,화수목금,11:05~11:55,40,0,,https://regs.gijangcmc.or.kr,129.1631509,35.34132097
121,정자청소년수련관체육관,생활체육관,4100000000,경기도,4113500000,성남시 분당구,경기도 성남시 분당구 성남대로407번길 12 (정자동),기타종목,(성인)바리스타 자격증과정A(3개월과정)(목)10시,성인,20241001,20241031,목,10:00~12:30,9,45000,,https://snyouth.or.kr,127.1063236,37.37276163
122,종로구민회관,생활체육관,1100000000,서울특별시,1111000000,종로구,서울특별시 종로구 지봉로5길 7-5 (창신동),기타종목,"스피닝(월수금,19시)",청소년성인,20241101,20241130,월수금,19:00~19:50,0,71500,,https://www.ijongno.co.kr,127.0143661,37.57350028
123,종로문화체육센터수영장,수영장,1100000000,서울특별시,1111000000,종로구,서울특별시 종로구 인왕산로1길 21 (사직동),수영,토요수영09D(성인중상급)(평영~접영),성인,20241101,20241130,토,09:00~09:50,0,110000,,https://www.ijongno.co.kr,126.964661,37.57420982
124,중곡문화체육센터,생활체육관,1100000000,서울특별시,1121500000,광진구,서울특별시 광진구 능동로 433 (중곡동),무용(발레 등),[특화]바른자세&다이어트 위한 발레 피트니스 A,중고등~성인,20241101,20241130,화목,12:00~12:50,0,50000,,https://booking.gwangjin.or.kr,127.0848024,37.5677792
125,진접체육문화센터,생활체육관,4100000000,경기도,4136000000,남양주시,경기도 남양주시 진접읍 금강로 1509-24,종합체육시설,실내체육관 실내체육관/성인   진접체육문화센터 실내체육관-실내체육관/성인 10/A탁구(월수금/김성희)   진접체육문화센터 실내체육관-실내체육관/성인 10/A탁구(월수금/김성희) 실내체육관_건강주3회(성인) 실내체육관_건강주3회(성인),,20241001,20241031,월수금,10:20~12:10,0,45900,,https://ncuc.or.kr,127.1897102,37.72711588
126,천안국민체육센터,생활체육관,4400000000,충청남도,4413300000,천안시 서북구,충청남도 천안시 서북구 번영로 208 (백석동),기타종목,월수금반16시,성인및청소년,20241001,20241031,월수금,16:00~16:20,1,180000,실내테니스강습(월수금)_성인,,127.1133052,36.81910075
127,천안축구센터,축구장,4400000000,충청남도,4413300000,천안시 서북구,충청남도 천안시 서북구 축구센터로 150 (성정동),축구(풋살),초등1학년(목요일),천안시민,20241201,20241231,목,19:50~21:10,14,30000,축구교실,https://sports.cfmc.or.kr,127.1457655,36.82144008
128,청담평생학습관골프연습장,골프연습장,1100000000,서울특별시,1168000000,강남구,강남구 청담동35-10,골프,골프저녁08,성인,20241101,20241130,화목,21:00~21:50,0,60000,,https://life.gangnam.go.kr,127.0464351,37.51910908
129,충무아트홀스포츠센터수영장,수영장,1100000000,서울특별시,1114000000,중구,서울특별시 중구 퇴계로 387(흥인동),수영,건강수영G,성인,20241001,20241031,월수금,15:00~15:50,50,57000,,https://www.e-junggu.or.kr,127.0147909,37.56594097
130,충주국민체육센터수영장,수영장,4300000000,충청북도,4313000000,충주시,충청북도 충주시 중원대로 3306 (호암동),기타종목,09시 오전2반 중급[화목],청소년이상,20241101,20241130,화목,09:30~10:20,0,5000,,https://www.cjfmc.or.kr,127.9269064,36.96271929
131,탄천스포츠센터,구기체육관,4100000000,경기도,4113000000,성남시,경기도 성남시 분당구 탄천로 215 (야탑동),기타종목,[07시] 기간수료_연수반_주4회,성인,20241101,20241130,월화목금,07:00~07:50,0,48000,,https://spo.isdc.co.kr,127.120513,37.41179093
132,탄천종합운동장 체육회관 수영장,수영장,4100000000,경기도,4113000000,성남시,분당구야탑동 탄천로 215,수영,[11시] 1개월차_기초반(대기)_주4회,성인,20241201,20241231,월화목금,11:00~11:50,0,48000,,https://spo.isdc.co.kr,127.120513,37.41179093
133,탄천종합운동장체육회관빙상장,빙상장,4100000000,경기도,4113000000,성남시,야탑동 486번지,기타종목,[17시] 스피드 (토),성인,20241001,20241031,토,17:00~17:50,0,20250,,https://spo.isdc.co.kr,127.1206638,37.41041104
134,태전국민체육센터-생활체육관,생활체육관,4100000000,경기도,4161000000,광주시,경기도 광주시 벼루개길42번길 20 (태전동),요가,07시/A_모닝힐링요가[다목적1실],청소년이상,20241201,20241231,월수금,07:00~07:50,15,30000,,https://gjcenter.gjcs.or.kr,127.2330932,37.38136867
135,평생학습관,생활체육관,4400000000,충청남도,4420000000,아산시,충청남도 아산시 남부로 92 (용화동),배드민턴,기초배드민턴(오후),성인/월~금(13:00~15:00),20241101,20241130,월,13:00~15:00,60,50000,,https://yeyak.asan.go.kr,126.9921609,36.77090281
136,평생학습관 수영장,수영장,4100000000,경기도,4143000000,의왕시,경기도 의왕시 오전로 122 (오전동),에어로빅,14시 월수금 아쿠아로빅,성인남녀,20241001,20241031,월수금,13:50~14:49,50,51700,,https://reserve.uuc.or.kr,126.975459,37.35505601
137,포항국민체육센터,생활체육관,4700000000,경상북도,4711000000,포항시,경상북도 포항시 북구 양학로 166 (학잠동),에어로빅,(※!추첨제)에어로빅오후반,13세이상,20241101,20241130,화수목,14:30~15:20,35,30000,에어로빅,https://reservation.phsisul.org,129.3414653,36.03557768
138,포항생활야구장,야구장,4700000000,경상북도,4711000000,포항시,경상북도 포항시 남구 중흥로162번길 42-4 (상도동),야구,리틀야구장(일요일),초등학교3~6학년,20241101,20241130,일,13:30~16:30,25,30000,일반회원,https://reservation.phsisul.org,129.3583747,36.0163823
139,포항실내수영장,수영장,4700000000,경상북도,4711000000,포항시,경상북도 포항시 남구 희망대로 810 (대도동),수영,F5.오전_심화반(11시00분),교정반수준,20241101,20241130,월화수목금,11:00~11:50,30,68000,강습수영(성인),https://reservation.phsisul.org,129.3628907,36.00839814
140,해동이국민체육센터,생활체육관,4800000000,경상남도,4825000000,김해시,경상남도 김해시 삼계로 132 (삼계동),에어로빅,"(新)11시30분 아쿠아로빅[화,목]",청소년이상,20241201,20241231,화목,11:30~12:20,4,33000,,https://ghdc.or.kr,128.8803631,35.2583233
141,해오름휘트니스센터,생활체육관,1100000000,서울특별시,1129000000,성북구,"서울특별시 성북구 성북로4길 52 (돈암동, 한신한진아파트)",헬스,해오름 헬스,청소년,20241201,20241231,월화수목금토,06:00~22:00,400,39000,,https://www.gongdan.go.kr,127.012706,37.59447253
142,호평체육문화센터,생활체육관,4100000000,경기도,4136000000,남양주시,경기도 남양주시 늘을2로 67 (호평동),에어로빅,파워엘빅D 성인(주3회),,20241201,20241231,월수금,06:00~06:50,0,45900,,https://www.ncuc.or.kr,127.2422797,37.65887795
143,화도체육문화센터,생활체육관,4100000000,경기도,4136000000,남양주시,경기도 남양주시 화도읍 수레로 1259,요가,여성건강공요가 주3회(성인),,20241201,20241231,월수금,13:00~13:50,0,45900,,https://ncuc.or.kr,127.3011741,37.6496096
144,화성국민체육센터 체육시설,기타시설,4100000000,경기도,4159000000,화성시,경기도 화성시 봉담읍 동화길 18,기타종목,06B 새벽반_마스터(15개월기간수료),성인/청소년,20241201,20241231,화목,06:00~06:50,500,50000,,https://www.hsuco.or.kr,126.9517321,37.22067432
145,환경에너지시설내테니스장,테니스장,4100000000,경기도,4128500000,고양시 일산동구,경기도 고양시 일산동구 경의로 115 (백석동),테니스,테니스(화목)-단체오후2반 화목15:00~15:50,성인,20241201,20241231,화목,15:00~15:50,0,34100,,https://yeyak.gys.or.kr,126.7961231,37.6433245
146,환경에너지시설수영장,수영장,4100000000,경기도,4128500000,고양시 일산동구,경기도 고양시 일산동구 경의로 84 (백석동),수영,"수영(화목)-오전4반(기초,초급) 화목10:00~10:50",성인,20241201,20241231,화목,10:00~10:50,0,38500,,https://yeyak.gys.or.kr,126.7951289,37.64112005
147,황새울국민체육센터,생활체육관,4100000000,경기도,4113500000,성남시 분당구,경기도 성남시 분당구 황새울로 273(수내동),헬스,"헬스_월,화,수,목,금_15시30분",성인,20241001,20241031,월화수목금,15:30~18:00,0,45000,,https://spo.isdc.co.kr,127.1167358,37.38254594
148,흑석체육센터,생활체육관,1100000000,서울특별시,1159000000,동작구,서울특별시 동작구 현충로 73 (흑석동),배드민턴,체육관 배드민턴   흑석체육센터 체육관-배드민턴 배드민턴개인레슨회원체육관비용결제/민턴개인레슨결제회원 체육관사용료(성인)   흑석체육센터 체육관-배드민턴 배드민턴개인레슨회원체육관비용결제/민턴개인레슨결제회원 체육관사용료(성인),,20241101,20241130,화목,13:00~15:50,0,25300,,https://sports.idongjak.or.kr,126.9634463,37.51005512
